{
"type": "FeatureCollection",
"name": "MAPC_Boundary_(No_Coastline)",
"crs": { "type": "name", "properties": { "name": "urn:ogc:def:crs:OGC:1.3:CRS84" } },
"features": [
{ "type": "Feature", "id": 1, "properties": { "FID": 1, "st_length": 287017.05549599999, "Shape__Length": 287017.05549647956 }, "geometry": { "type": "LineString", "coordinates": [ [ -70.7113373659963, 42.002433917592803 ], [ -70.711330121187203, 42.002410520097797 ], [ -70.711749121339494, 42.002419621651399 ], [ -70.721802393431503, 42.002814502298001 ], [ -70.7221611085495, 42.004062064784897 ], [ -70.722223537291399, 42.004267863823102 ], [ -70.722431183606801, 42.004404871638101 ], [ -70.722815330908205, 42.004649502461596 ], [ -70.723431883585704, 42.0054262983722 ], [ -70.723786880627301, 42.005963348063197 ], [ -70.724064494953396, 42.006431713577697 ], [ -70.724280143008798, 42.006626215801802 ], [ -70.724587941647698, 42.006876895263296 ], [ -70.724657557787296, 42.007048527522898 ], [ -70.724636004517905, 42.007420324058103 ], [ -70.724394097965003, 42.008250445058799 ], [ -70.724090546549405, 42.0088684704467 ], [ -70.724023141251095, 42.009297399291 ], [ -70.724205190936402, 42.009436300839802 ], [ -70.7302802774458, 42.016404964124298 ], [ -70.731241327751505, 42.017715970574798 ], [ -70.769130189892493, 42.022031381289402 ], [ -70.769493049526801, 42.022072594860198 ], [ -70.775528303575001, 42.0231761073454 ], [ -70.796725406879403, 42.0205956915377 ], [ -70.800524218298307, 42.016442747924103 ], [ -70.799331606115203, 42.013611733375903 ], [ -70.807250948903302, 42.012877920029901 ], [ -70.807318708812801, 42.013119087075303 ], [ -70.807599711178099, 42.013324270244603 ], [ -70.807870503528704, 42.013513724635402 ], [ -70.808193862322298, 42.013687830050998 ], [ -70.808453559811099, 42.013931957887799 ], [ -70.808618646129204, 42.014183346386602 ], [ -70.808679198043393, 42.014410693451801 ], [ -70.808761402118904, 42.014567673057101 ], [ -70.808991511356197, 42.014701956807798 ], [ -70.809167265079296, 42.014883090714001 ], [ -70.809385453177597, 42.015025765044797 ], [ -70.809583089527194, 42.015237732729503 ], [ -70.809676649317893, 42.015316538818198 ], [ -70.809727891795006, 42.015434255151803 ], [ -70.809746691397194, 42.015637760146802 ], [ -70.809765320148202, 42.015857020418203 ], [ -70.809721353468106, 42.016036737232497 ], [ -70.809614571572695, 42.0162082417554 ], [ -70.8094547624667, 42.016426334850202 ], [ -70.809389143789105, 42.016676329030297 ], [ -70.809534798025993, 42.016794615434698 ], [ -70.809858602014003, 42.016929642976699 ], [ -70.810695717783901, 42.0171380823462 ], [ -70.8111347275469, 42.0173050429771 ], [ -70.811531434673597, 42.017487413565398 ], [ -70.811855076942294, 42.017638100697901 ], [ -70.812062745564802, 42.017850574469698 ], [ -70.812155296775501, 42.018023279997998 ], [ -70.812289863615405, 42.018196238066203 ], [ -70.812350143347004, 42.018439157576303 ], [ -70.812296461198699, 42.018635743659502 ], [ -70.812543062097802, 42.0187655273796 ], [ -70.812817767539102, 42.018864507011301 ], [ -70.813130663155803, 42.019038535254097 ], [ -70.813192840891205, 42.019117239955499 ], [ -70.813223628644593, 42.019195666120702 ], [ -70.813307916481904, 42.019205986090199 ], [ -70.813349736614995, 42.019157257546503 ], [ -70.813421364220204, 42.019188299754198 ], [ -70.813630230610698, 42.019424997458103 ], [ -70.813733038842201, 42.019621262585602 ], [ -70.813772269036804, 42.019879721239498 ], [ -70.8136964615219, 42.0200904909155 ], [ -70.813548583843996, 42.020199177398197 ], [ -70.813431855843902, 42.020308050661797 ], [ -70.813367479072099, 42.020432904336097 ], [ -70.8133767167879, 42.020550276710402 ], [ -70.813561255228393, 42.020759187387299 ], [ -70.8136970856646, 42.021006160863301 ], [ -70.813757832224297, 42.021217749774202 ], [ -70.813691260536103, 42.021545981771503 ], [ -70.813456521193402, 42.021904537059001 ], [ -70.813318987359906, 42.022005362162602 ], [ -70.813328815238293, 42.022068086211704 ], [ -70.813391250830307, 42.022123202874901 ], [ -70.813200094604696, 42.022325536671801 ], [ -70.812998131338603, 42.022566880868197 ], [ -70.812975347445303, 42.022731059715703 ], [ -70.813089677759606, 42.022833486988198 ], [ -70.813402460711998, 42.023031012997798 ], [ -70.813903291429597, 42.023292241165102 ], [ -70.814382985321302, 42.023576749775799 ], [ -70.814779692845406, 42.023774774930601 ], [ -70.814978370375499, 42.023983947921302 ], [ -70.833456047466697, 42.019560521931702 ], [ -70.844774116175302, 42.042700876776401 ], [ -70.842247438784995, 42.043441418642601 ], [ -70.842111129446394, 42.043610622088302 ], [ -70.841066235936594, 42.0448993206004 ], [ -70.845659353668395, 42.046164204999798 ], [ -70.845727484002595, 42.046363482874803 ], [ -70.845905340077195, 42.0465115275166 ], [ -70.846098911807402, 42.0466701958252 ], [ -70.846294155858004, 42.046971759599003 ], [ -70.846306710756707, 42.047371948812298 ], [ -70.846517800450101, 42.047730505066298 ], [ -70.846804285499303, 42.047934720377903 ], [ -70.847013649175295, 42.048167756434601 ], [ -70.847117026770903, 42.048452498053699 ], [ -70.847144865146802, 42.048847102029498 ], [ -70.847096183316395, 42.049270530942799 ], [ -70.847213297776904, 42.049441185898999 ], [ -70.847246959282302, 42.049692306578699 ], [ -70.847120507519904, 42.050007339396799 ], [ -70.847022885677106, 42.050196937190201 ], [ -70.847210659970898, 42.050509801015103 ], [ -70.847251181768897, 42.050681099395497 ], [ -70.847124298833506, 42.050979113040803 ], [ -70.847112543788398, 42.051276793005499 ], [ -70.847145277500005, 42.0514536291683 ], [ -70.847049143112201, 42.051756950132699 ], [ -70.846997784557502, 42.051923222551203 ], [ -70.846832603640905, 42.052232901987097 ], [ -70.846711716031905, 42.052393735449002 ], [ -70.846508108183798, 42.052680686210202 ], [ -70.846356829773995, 42.052848008377602 ], [ -70.846159835525398, 42.053020201192403 ], [ -70.845894038513293, 42.053233686833401 ], [ -70.845674030168894, 42.053435008776702 ], [ -70.845515454577495, 42.053653608279603 ], [ -70.845418436188794, 42.053865716967302 ], [ -70.845367699560498, 42.054100058937301 ], [ -70.845454813834607, 42.054345363346897 ], [ -70.845830684311196, 42.055081750709199 ], [ -70.836746149760103, 42.0593361282207 ], [ -70.839059419398694, 42.059294318035803 ], [ -70.839006669121702, 42.059394312801103 ], [ -70.841008794719002, 42.060416414175599 ], [ -70.840011567730599, 42.061274737434601 ], [ -70.838220406280399, 42.063894237258403 ], [ -70.841778120985794, 42.071716033551397 ], [ -70.843897339017403, 42.077193241337802 ], [ -70.842682108728496, 42.088659795906899 ], [ -70.842660154081102, 42.088877464460602 ], [ -70.842775097290897, 42.088995169674298 ], [ -70.842944531666504, 42.089138577304297 ], [ -70.843123235521205, 42.0892857292827 ], [ -70.843342771438998, 42.089446980511198 ], [ -70.8436012710292, 42.089627722138502 ], [ -70.843785111024104, 42.089769410366401 ], [ -70.844015268338396, 42.089979340007801 ], [ -70.844245961830396, 42.090196024862102 ], [ -70.844387008639103, 42.090373390972204 ], [ -70.844447413201905, 42.090470434298197 ], [ -70.844493860525304, 42.090608093483297 ], [ -70.844588015212196, 42.090761331640998 ], [ -70.844795194137802, 42.0910081324852 ], [ -70.845046614371896, 42.091278595054398 ], [ -70.845045313687507, 42.091334409261698 ], [ -70.845063670959803, 42.091359453922799 ], [ -70.845115802510804, 42.091368035273099 ], [ -70.845170930161899, 42.091437767436801 ], [ -70.8453175978606, 42.091680169683102 ], [ -70.845546413438498, 42.091892429358701 ], [ -70.8456339440188, 42.092078941659402 ], [ -70.8456399229688, 42.0922260928469 ], [ -70.8455825062304, 42.092378463932903 ], [ -70.845569578857706, 42.092542073495999 ], [ -70.845590480978402, 42.092683907863197 ], [ -70.845582043554003, 42.092775425131499 ], [ -70.845529144987907, 42.092852912973797 ], [ -70.845461487768304, 42.092907987785701 ], [ -70.845300291142607, 42.092995930777398 ], [ -70.845075698532199, 42.093089003132498 ], [ -70.844929312030501, 42.093182522430801 ], [ -70.844879924419203, 42.093271104349803 ], [ -70.844767167759997, 42.093362204809097 ], [ -70.844706661002306, 42.093450542963701 ], [ -70.844602086375602, 42.093474974226901 ], [ -70.844493564767802, 42.0935187403038 ], [ -70.844433077818806, 42.093593393125303 ], [ -70.844309085902907, 42.093695413075999 ], [ -70.844282404053899, 42.093750721795601 ], [ -70.844259497229601, 42.093803351078002 ], [ -70.8440411907944, 42.094013052592501 ], [ -70.843943816516799, 42.0940541809561 ], [ -70.843872352712694, 42.094114725155997 ], [ -70.843786418822205, 42.094136651466002 ], [ -70.843568167357603, 42.0943407702364 ], [ -70.843552518876393, 42.094404515272998 ], [ -70.843554422608605, 42.094512748117303 ], [ -70.843558665329397, 42.094535011053303 ], [ -70.843543625158304, 42.094551581294901 ], [ -70.843520911944594, 42.094573689713002 ], [ -70.843479216742594, 42.094642867588497 ], [ -70.843349761953505, 42.094770154990798 ], [ -70.843741054531307, 42.094853609395102 ], [ -70.844115487267601, 42.094919229027703 ], [ -70.8445138120547, 42.094977421254399 ], [ -70.844731779449504, 42.0950117114158 ], [ -70.844986733113402, 42.095081686447898 ], [ -70.845142691933503, 42.095174053773498 ], [ -70.845240263222394, 42.095301560814299 ], [ -70.845317379230195, 42.095431561845302 ], [ -70.845405382398894, 42.095490497513197 ], [ -70.845691190151896, 42.095558036298698 ], [ -70.846126224655805, 42.0957028660644 ], [ -70.846571207719094, 42.095867918731301 ], [ -70.846828627302003, 42.096039553025904 ], [ -70.846983896479401, 42.096187735467502 ], [ -70.847163570105806, 42.096290409149198 ], [ -70.847401764395698, 42.096345067325103 ], [ -70.847807591290206, 42.096344858162801 ], [ -70.848142178568295, 42.096301025383397 ], [ -70.848350971878702, 42.096228565129998 ], [ -70.848591640191501, 42.096042031614999 ], [ -70.848900979559403, 42.095807539330899 ], [ -70.849413831461106, 42.095673330855497 ], [ -70.849739273827595, 42.095530403178699 ], [ -70.849976092728895, 42.095376797661601 ], [ -70.850182535069493, 42.095202761466098 ], [ -70.850446747794194, 42.095041747490001 ], [ -70.850532643497004, 42.094976149086101 ], [ -70.850642212696997, 42.094936164707697 ], [ -70.850778708183697, 42.0949228931444 ], [ -70.850911661691399, 42.094924997297902 ], [ -70.851153419861603, 42.0949619310326 ], [ -70.851323306913997, 42.095028888953003 ], [ -70.851455677942297, 42.095088071246003 ], [ -70.851710319194794, 42.0952012462051 ], [ -70.851992571614701, 42.095309714947703 ], [ -70.852084140569502, 42.095327789825198 ], [ -70.8521763026597, 42.095323269248397 ], [ -70.852357130730596, 42.095301423159597 ], [ -70.852606376794299, 42.095279963571201 ], [ -70.852875878259596, 42.095263749882101 ], [ -70.853039472817102, 42.095272237098598 ], [ -70.853154861559304, 42.095313584621401 ], [ -70.853287833284398, 42.095432731347401 ], [ -70.853470647263407, 42.095465185695502 ], [ -70.853573015628399, 42.095455589629303 ], [ -70.853672231970606, 42.095423106845899 ], [ -70.853816533824499, 42.095319840926003 ], [ -70.853954126335793, 42.095198710087999 ], [ -70.8541294409697, 42.095065096927101 ], [ -70.854352244205302, 42.094957141049697 ], [ -70.854537634350905, 42.094831146993201 ], [ -70.8547028265818, 42.094682260028399 ], [ -70.854912852953603, 42.094475192800502 ], [ -70.855137612165194, 42.094174211824097 ], [ -70.855193409551006, 42.0940601818129 ], [ -70.855191053410806, 42.0939350201783 ], [ -70.855148472061899, 42.093783161812802 ], [ -70.855068262305906, 42.093622718287797 ], [ -70.855005146801105, 42.093505047477599 ], [ -70.854976767229005, 42.093347506793499 ], [ -70.855032467553301, 42.093112019345398 ], [ -70.855119671006193, 42.092916864796798 ], [ -70.855320619287596, 42.0926030544341 ], [ -70.855486156759895, 42.092431299435603 ], [ -70.855595726340894, 42.092378615439003 ], [ -70.855702702313906, 42.092259831191797 ], [ -70.855843257378993, 42.092179320458698 ], [ -70.855939082055201, 42.092146906688299 ], [ -70.856048515213601, 42.092119521276899 ], [ -70.856182539190797, 42.092003499687202 ], [ -70.856333951596596, 42.091877311709297 ], [ -70.856375923892998, 42.091850807276202 ], [ -70.8564231361552, 42.091832075270297 ], [ -70.8564648895114, 42.0918271779299 ], [ -70.856508454140496, 42.091822470821903 ], [ -70.856553046334994, 42.091799852542998 ], [ -70.8566079723971, 42.091759465413197 ], [ -70.856738062828001, 42.091709416596501 ], [ -70.856792910305003, 42.091676771931098 ], [ -70.856864691134604, 42.091667001148402 ], [ -70.856961575298897, 42.091661152747498 ], [ -70.856997935085303, 42.091639748556297 ], [ -70.857022464768704, 42.0916167473396 ], [ -70.857068717579807, 42.091573340143 ], [ -70.857107836405106, 42.091554022208001 ], [ -70.857151464857907, 42.0915310381477 ], [ -70.857272089608301, 42.0914965116134 ], [ -70.857481292855795, 42.091380910437998 ], [ -70.857854234035301, 42.091258574201497 ], [ -70.858185659651099, 42.091189304692499 ], [ -70.858448784425406, 42.091132346512701 ], [ -70.858667387787506, 42.091103049190799 ], [ -70.858824696913601, 42.091050629473997 ], [ -70.859233179551396, 42.090783711792497 ], [ -70.859452574700896, 42.090675726989502 ], [ -70.859483711715995, 42.090632684446199 ], [ -70.859488350511, 42.0905082822891 ], [ -70.859520441172407, 42.090358643855801 ], [ -70.859568723307405, 42.090305523247103 ], [ -70.859658107526499, 42.090240027588401 ], [ -70.859918406863599, 42.090127048602902 ], [ -70.860322145467293, 42.089982097709402 ], [ -70.8605379984986, 42.089889306936399 ], [ -70.860743250468801, 42.089816894480997 ], [ -70.860948650008396, 42.089741781439002 ], [ -70.861101397049396, 42.089661692469299 ], [ -70.861127012308302, 42.089638696436197 ], [ -70.861143160787606, 42.089595479786702 ], [ -70.861148894966405, 42.089494042549703 ], [ -70.861139285588607, 42.0894279033906 ], [ -70.861198681382902, 42.089291111728897 ], [ -70.861281096952794, 42.089233138860699 ], [ -70.861386889095996, 42.089218513011701 ], [ -70.861465052333102, 42.089246859679001 ], [ -70.861505455577301, 42.0892558183426 ], [ -70.861540060215304, 42.089252409893497 ], [ -70.861572642650998, 42.0892457489065 ], [ -70.861697516157093, 42.089184681156702 ], [ -70.8617692934167, 42.089174907296403 ], [ -70.861823677620706, 42.089187905301301 ], [ -70.861911935814106, 42.089234134813097 ], [ -70.862055942557703, 42.089241779808603 ], [ -70.862113214037294, 42.089220040326197 ], [ -70.862116955409206, 42.0891844974199 ], [ -70.862147131476505, 42.089164677784098 ], [ -70.862187929907705, 42.0891703971552 ], [ -70.862222664798395, 42.089190128170003 ], [ -70.8623119098947, 42.089246446766197 ], [ -70.862562222716306, 42.089368937227 ], [ -70.862832656346797, 42.0894377883183 ], [ -70.863102623954703, 42.089553184162497 ], [ -70.863484379688799, 42.089622652803897 ], [ -70.863810519069204, 42.089681457197102 ], [ -70.864073755813095, 42.0897812373208 ], [ -70.864303568220507, 42.089802771136902 ], [ -70.864427092455898, 42.089912668976197 ], [ -70.864436795410498, 42.090030218211503 ], [ -70.864430407342795, 42.090270035392997 ], [ -70.864512305090301, 42.090420757940997 ], [ -70.864726852273094, 42.090530620318702 ], [ -70.864920832964401, 42.090593910293798 ], [ -70.865108235670206, 42.090626011440598 ], [ -70.865275003948895, 42.090630357238403 ], [ -70.865344712189398, 42.0906221002557 ], [ -70.865449876698506, 42.090597833450801 ], [ -70.865641107001395, 42.090525064439902 ], [ -70.865700520409902, 42.090494601661398 ], [ -70.865739795072301, 42.0904351261537 ], [ -70.865820954816598, 42.090272612729997 ], [ -70.866160827012095, 42.089658206496701 ], [ -70.866490240070107, 42.089401089373602 ], [ -70.867077563001502, 42.089062565118603 ], [ -70.867288400021394, 42.088840984240598 ], [ -70.867499853112903, 42.088557372422599 ], [ -70.867686245444006, 42.088277583362803 ], [ -70.867869549192505, 42.088162270477497 ], [ -70.8682093716521, 42.087999472304702 ], [ -70.868535490164305, 42.0879140274617 ], [ -70.868848111300196, 42.087848765122601 ], [ -70.869136909922503, 42.0877479870272 ], [ -70.869341936959103, 42.087647827283199 ], [ -70.869523482505301, 42.087514315060403 ], [ -70.869737473050193, 42.0873877337431 ], [ -70.870011276243005, 42.087311720513803 ], [ -70.870666737521404, 42.087521774479903 ], [ -70.871401040661596, 42.087728926208499 ], [ -70.872558270930497, 42.088035178699798 ], [ -70.873271251979801, 42.088199435024798 ], [ -70.873864844035296, 42.088311534276102 ], [ -70.874331365592198, 42.088488481487197 ], [ -70.874654140265207, 42.088742161752201 ], [ -70.874945805901802, 42.0896763336265 ], [ -70.879215741181994, 42.089145757706802 ], [ -70.887554443711096, 42.087965288219301 ], [ -70.902400868291593, 42.085896677258802 ], [ -70.915909054779803, 42.100132112853203 ], [ -70.931488379535494, 42.116557894696797 ], [ -70.940764197908805, 42.151380567758103 ], [ -70.981268148663901, 42.135521069851698 ], [ -71.002152547808294, 42.127313175340099 ], [ -71.001974809418201, 42.126535415378399 ], [ -71.021859084819695, 42.118753190771201 ], [ -71.026954311059498, 42.123742827113297 ], [ -71.027305625016496, 42.125125836549003 ], [ -71.027521523881006, 42.126423835126303 ], [ -71.027571148309704, 42.127507949050297 ], [ -71.027583535226597, 42.127728761426503 ], [ -71.027457699352496, 42.129490731408303 ], [ -71.027312374107694, 42.131107667102697 ], [ -71.027210131382404, 42.132948062061303 ], [ -71.035091171763, 42.135646004629997 ], [ -71.040120630261399, 42.137202890781502 ], [ -71.056512259204794, 42.153824067691801 ], [ -71.063847285877102, 42.140482628050997 ], [ -71.065039121781197, 42.138730708033002 ], [ -71.070974460512204, 42.132153856309699 ], [ -71.0603364074843, 42.106971615475899 ], [ -71.061314378931399, 42.103179922483498 ], [ -71.080483810130403, 42.095547593012597 ], [ -71.138537682616601, 42.0728105795258 ], [ -71.138642440884894, 42.072770125149198 ], [ -71.168681696327695, 42.061170003900401 ], [ -71.178457941979303, 42.057370568898499 ], [ -71.288284059173193, 42.014463685624101 ], [ -71.289083651247495, 42.045050003881499 ], [ -71.381327772969598, 42.018944508736901 ], [ -71.458116860393503, 42.017860919925397 ], [ -71.498257388013997, 42.017280837385599 ], [ -71.498257406488804, 42.021019822361602 ], [ -71.498368488793602, 42.0210475541882 ], [ -71.4982573991973, 42.0212864103325 ], [ -71.498257371465996, 42.022300272848398 ], [ -71.4981962748124, 42.022291988860097 ], [ -71.498076858685806, 42.022275330798998 ], [ -71.4980740771895, 42.022419743803297 ], [ -71.498257367589801, 42.022441984906699 ], [ -71.498260214952893, 42.024291984330198 ], [ -71.498032331674807, 42.025283604629301 ], [ -71.498260187112805, 42.025311428525598 ], [ -71.498260118535299, 42.027822449676698 ], [ -71.497993372477893, 42.027744656791199 ], [ -71.497985032110506, 42.028005752384402 ], [ -71.498196212226006, 42.028766894953201 ], [ -71.497968342484995, 42.028800203350798 ], [ -71.497957218301806, 42.029252979114702 ], [ -71.498179532500998, 42.029300250186601 ], [ -71.498179512178496, 42.030011330772602 ], [ -71.497940530784902, 42.029961358416799 ], [ -71.497901715587204, 42.031522439586197 ], [ -71.498262799933102, 42.031341929515897 ], [ -71.498282304195996, 42.064886794479499 ], [ -71.498240852756197, 42.091421059777602 ], [ -71.498023119197796, 42.092564015650801 ], [ -71.498069528746498, 42.0928194379104 ], [ -71.498117989894894, 42.093200725241203 ], [ -71.498127653707996, 42.093423465145101 ], [ -71.498060193499697, 42.093723901576197 ], [ -71.497967472353693, 42.093903424231499 ], [ -71.497791338290099, 42.094207279730703 ], [ -71.497717225784299, 42.094545619361597 ], [ -71.497745018156607, 42.094842456126997 ], [ -71.497670788836999, 42.095042686284202 ], [ -71.497522336863994, 42.095235982327701 ], [ -71.497346323912495, 42.095394795203703 ], [ -71.497058973300895, 42.095608794744798 ], [ -71.497031165426407, 42.095705488614598 ], [ -71.497170180287, 42.095753839422997 ], [ -71.497374113495894, 42.095726204389003 ], [ -71.4974946303427, 42.095850541556302 ], [ -71.497494622185798, 42.096057615615202 ], [ -71.4974668114791, 42.096237139205201 ], [ -71.497457494750506, 42.096451145525499 ], [ -71.497336967004898, 42.096561612289698 ], [ -71.497170141573903, 42.096623820537602 ], [ -71.497058921247401, 42.096734287235897 ], [ -71.497091675666198, 42.096860513200099 ], [ -71.497095903632498, 42.096927587286899 ], [ -71.497005357428705, 42.096971700729 ], [ -71.496799244234296, 42.096996634075097 ], [ -71.496595302632898, 42.097100165212602 ], [ -71.496493389171306, 42.097203699151997 ], [ -71.496437774088704, 42.097328031881503 ], [ -71.496576781267805, 42.097576614966897 ], [ -71.496586077774396, 42.097797554207098 ], [ -71.496511841348706, 42.097997783528299 ], [ -71.496323252294701, 42.0980436040103 ], [ -71.496178060950697, 42.098108242360603 ], [ -71.496112050650197, 42.098189089030299 ], [ -71.496117241677496, 42.098307031349002 ], [ -71.496096202348994, 42.098381757334501 ], [ -71.4959853415086, 42.0984643130028 ], [ -71.495890193249906, 42.098590174599202 ], [ -71.495858512425997, 42.098708115594697 ], [ -71.495805797867902, 42.098806428800302 ], [ -71.495789956032596, 42.098885116329299 ], [ -71.495647296737801, 42.099010885928998 ], [ -71.495610299039001, 42.099085611210498 ], [ -71.495647282194795, 42.099223271790997 ], [ -71.4955810267316, 42.099326356075103 ], [ -71.495541727206202, 42.099467074811599 ], [ -71.495520558444596, 42.099647948581698 ], [ -71.495462402441404, 42.099746261403098 ], [ -71.495351538968805, 42.099820983644697 ], [ -71.495298703847695, 42.0998917467588 ], [ -71.495282982300097, 42.099966472795799 ], [ -71.495330489573803, 42.1000136515866 ], [ -71.495383197871902, 42.100025447933298 ], [ -71.495462385037001, 42.099990068461999 ], [ -71.495531053363607, 42.099970444152 ], [ -71.495652546267195, 42.100029419881402 ], [ -71.495696547237401, 42.100087492276501 ], [ -71.4957211981786, 42.100253422442798 ], [ -71.495832053193197, 42.100312577646001 ], [ -71.495979905485797, 42.100312582927103 ], [ -71.496090761099197, 42.100367596400901 ], [ -71.496069597002005, 42.100493460611197 ], [ -71.4959936720672, 42.100554319709502 ], [ -71.495869026813594, 42.100615357075696 ], [ -71.495837349314996, 42.100666494184502 ], [ -71.495837345459194, 42.1007253752027 ], [ -71.4959165271828, 42.100784349101197 ], [ -71.496016866503297, 42.100827748121901 ], [ -71.496143562341203, 42.100847289428202 ], [ -71.496280776266801, 42.100863139618397 ], [ -71.496375914607697, 42.100957406311601 ], [ -71.496433936387604, 42.101091285914499 ], [ -71.496507919352695, 42.101173847657698 ], [ -71.496581785003499, 42.1011933868566 ], [ -71.496623976247193, 42.101213015111597 ], [ -71.496629292908906, 42.101264153518599 ], [ -71.496581779717602, 42.101291701943602 ], [ -71.496486748649005, 42.101429358196697 ], [ -71.496370564272695, 42.101500119829701 ], [ -71.496291372747706, 42.101586638169202 ], [ -71.496338882210196, 42.101629855117103 ], [ -71.496476100934103, 42.101590515378298 ], [ -71.496560609052594, 42.101551263937601 ], [ -71.496629277271694, 42.101559098772299 ], [ -71.496663488859696, 42.101594122270498 ], [ -71.496803602650502, 42.1016770458507 ], [ -71.496946138707301, 42.101677049736097 ], [ -71.497115028601996, 42.101708565354102 ], [ -71.497231208421894, 42.101732156635201 ], [ -71.497294555158106, 42.101795090602302 ], [ -71.497299869904396, 42.101905200014201 ], [ -71.497225998578301, 42.101991719119901 ], [ -71.496988313992503, 42.102042761335497 ], [ -71.496792944385504, 42.1020624730713 ], [ -71.496703237585805, 42.102093891736601 ], [ -71.496671439124796, 42.102145029061703 ], [ -71.496655719463106, 42.1022039996421 ], [ -71.496703229019104, 42.102259100674502 ], [ -71.496930268141696, 42.102365254844599 ], [ -71.497141474018704, 42.1023928101325 ], [ -71.497585044677606, 42.102412447333499 ], [ -71.497870118644798, 42.102455668397397 ], [ -71.498144673557604, 42.1025461554418 ], [ -71.498345360646596, 42.102644473579403 ], [ -71.498683267222304, 42.1027467544329 ], [ -71.498977893306204, 42.102856056415703 ], [ -71.499190189276803, 42.102923672222097 ], [ -71.499417235432901, 42.102974811834102 ], [ -71.499512381680603, 42.103057371719203 ], [ -71.499685264178197, 42.103493937994699 ], [ -71.4998790648784, 42.103863610157603 ], [ -71.500168983347905, 42.104065642111301 ], [ -71.500281300321603, 42.104205011567899 ], [ -71.500234513012899, 42.104525435883502 ], [ -71.500309351848301, 42.104734310145098 ], [ -71.500561916656395, 42.104901588790398 ], [ -71.500711595509998, 42.105110552416299 ], [ -71.500739647766494, 42.105361381609299 ], [ -71.500926689701998, 42.105730601782199 ], [ -71.501226171833693, 42.105953608399297 ], [ -71.501347807635, 42.106259986154498 ], [ -71.501394604095907, 42.106552679831204 ], [ -71.501385178373795, 42.106775419262199 ], [ -71.501282288985195, 42.106831240338899 ], [ -71.501151347913094, 42.106810354295902 ], [ -71.501001668345097, 42.106900927956303 ], [ -71.500851989008098, 42.107040388826 ], [ -71.500618038686198, 42.107311927005803 ], [ -71.500599420546607, 42.107465161655 ], [ -71.500767723574, 42.1075348454522 ], [ -71.500842566133798, 42.1076254171643 ], [ -71.500720934996096, 42.1077438101388 ], [ -71.500767726955303, 42.107813494636503 ], [ -71.500973632155805, 42.107806560598497 ], [ -71.501263572105103, 42.108008589665403 ], [ -71.501416400483507, 42.108051173029402 ], [ -71.501469358913099, 42.108085204472602 ], [ -71.501523406438807, 42.108155338724899 ], [ -71.501581808492801, 42.108294167336503 ], [ -71.501600431539899, 42.108419581705803 ], [ -71.501862323156899, 42.108544992366603 ], [ -71.502030754459497, 42.108712088955201 ], [ -71.502302078052097, 42.1088096785397 ], [ -71.502423715201303, 42.108872338321099 ], [ -71.502451768611706, 42.108935090048597 ], [ -71.502451774534194, 42.109088324561803 ], [ -71.502302093474697, 42.109234629715502 ], [ -71.502292666515004, 42.109346089552098 ], [ -71.5024237348985, 42.109387861709699 ], [ -71.502592162515398, 42.109373903053999 ], [ -71.502835192989394, 42.109387852254002 ], [ -71.502910159679601, 42.109436737760902 ], [ -71.502915846196601, 42.109517766436703 ], [ -71.502854067230601, 42.109659478395798 ], [ -71.502807280254999, 42.109784894156498 ], [ -71.502956981902599, 42.110077494440702 ], [ -71.503078629565294, 42.110293478033 ], [ -71.503078638013704, 42.110467599941799 ], [ -71.5029850602956, 42.1106487468221 ], [ -71.502798014030205, 42.110781098597798 ], [ -71.502489206196302, 42.110885632890003 ], [ -71.502218003132199, 42.111038872938501 ], [ -71.502049585426505, 42.111498669498999 ], [ -71.502008840835302, 42.111611300247802 ], [ -71.501965313258296, 42.111665860392399 ], [ -71.501881035892495, 42.111672794272998 ], [ -71.501778256597504, 42.1116101336494 ], [ -71.501581889150103, 42.111526496811102 ], [ -71.501385283437699, 42.111582229167503 ], [ -71.5012636455956, 42.111693690185803 ], [ -71.501319752379501, 42.1118051491584 ], [ -71.501301133615499, 42.111909676513697 ], [ -71.501226287914704, 42.111951452184698 ], [ -71.501132702726807, 42.112132597512002 ], [ -71.500992322307297, 42.1122998782484 ], [ -71.500842629944003, 42.112418181478802 ], [ -71.500552673458003, 42.112473913049897 ], [ -71.500384238488707, 42.112703855423597 ], [ -71.500356186677905, 42.112857089942899 ], [ -71.500730427140695, 42.113059119913501 ], [ -71.500917488462605, 42.113205420521098 ], [ -71.501151464781699, 42.113240170743701 ], [ -71.501207571540505, 42.113288967493602 ], [ -71.501235625428095, 42.113337764522299 ], [ -71.501170090300306, 42.113466871057902 ], [ -71.501104797707001, 42.113651257179299 ], [ -71.501226323378205, 42.113783602930198 ], [ -71.501279652193702, 42.1139637563059 ], [ -71.501347975069393, 42.114131935225402 ], [ -71.501478936826999, 42.114389605073001 ], [ -71.501553791211506, 42.114591635789502 ], [ -71.501385352878401, 42.114758827292299 ], [ -71.5011608073617, 42.114981748903901 ], [ -71.501029854056597, 42.115239511625603 ], [ -71.501095396544898, 42.115413722828997 ], [ -71.501226356952799, 42.115518068520402 ], [ -71.501385373438595, 42.115699301000802 ], [ -71.501551525750898, 42.115899980057499 ], [ -71.501628679899895, 42.116110293586303 ], [ -71.501497723862599, 42.116270552217699 ], [ -71.501402799220799, 42.116284508371301 ], [ -71.501338589708595, 42.116326283957498 ], [ -71.501319847255999, 42.116360226213502 ], [ -71.501331577654597, 42.116398399616003 ], [ -71.501478986570703, 42.116521291387798 ], [ -71.501499061753194, 42.116597458137598 ], [ -71.5014130863795, 42.116672815955702 ], [ -71.501338599513204, 42.116790398547401 ], [ -71.501351539978003, 42.116862784062498 ], [ -71.501588074059299, 42.1170823688811 ], [ -71.501633422071194, 42.117125763628202 ], [ -71.501711298639194, 42.117154752767703 ], [ -71.501746972169897, 42.117176539953 ], [ -71.501756647121297, 42.117210211742702 ], [ -71.501704772376002, 42.117292231605902 ], [ -71.501639957646404, 42.117342920523598 ], [ -71.501594612086507, 42.117403332581397 ], [ -71.501620491225196, 42.117444296739599 ], [ -71.501782532730601, 42.117480397127103 ], [ -71.501892697437, 42.117523790740499 ], [ -71.501996453296599, 42.117569705253302 ], [ -71.502090414452198, 42.117620391542602 ], [ -71.502148700902396, 42.117622821324403 ], [ -71.5022103724434, 42.1176010324263 ], [ -71.502472777241394, 42.117480384289998 ], [ -71.502644610502003, 42.1174249207874 ], [ -71.502796976676194, 42.117420145473403 ], [ -71.502936166390796, 42.117511794477501 ], [ -71.503072334406795, 42.117625141083799 ], [ -71.503247320379998, 42.117741007325101 ], [ -71.503441778252395, 42.117895406371098 ], [ -71.503535743597197, 42.117991917714299 ], [ -71.503584361478204, 42.118085999546501 ], [ -71.503662121691903, 42.118158382738599 ], [ -71.503801553673398, 42.118209066156503 ], [ -71.503937598863004, 42.1182428235226 ], [ -71.504071465784094, 42.118249751296602 ], [ -71.504336174285996, 42.118230744844602 ], [ -71.504520947492395, 42.1181800497342 ], [ -71.504663518460106, 42.118151053741698 ], [ -71.504822297193101, 42.118170404024298 ], [ -71.505068630751197, 42.118233145623002 ], [ -71.505288964400705, 42.1182837335882 ], [ -71.505415343354699, 42.118399598741902 ], [ -71.505496371710805, 42.118479183083302 ], [ -71.505577412786096, 42.1187011978325 ], [ -71.505632561791003, 42.118766288195999 ], [ -71.505742849444104, 42.118778256960397 ], [ -71.505882032761903, 42.118722880277602 ], [ -71.505946850035201, 42.118720446068501 ], [ -71.506011670961698, 42.118756635507197 ], [ -71.506154382187603, 42.118920666043799 ], [ -71.506270963749799, 42.118985842811703 ], [ -71.506352118233806, 42.119099188494502 ], [ -71.506462180471701, 42.119265651306797 ], [ -71.506512857042793, 42.119336143406798 ], [ -71.506520600192403, 42.119371885626897 ], [ -71.506494603823896, 42.119405649062998 ], [ -71.506501138460195, 42.119449044063103 ], [ -71.506556164653702, 42.1194804620553 ], [ -71.506588696720499, 42.119499727012503 ], [ -71.506604906821295, 42.119552844892901 ], [ -71.506679404618396, 42.1196010076318 ], [ -71.506685817712295, 42.119637200076198 ], [ -71.506659939475796, 42.119644494166998 ], [ -71.506640473289394, 42.119678257254897 ], [ -71.506650271146796, 42.119702385231903 ], [ -71.506698887055805, 42.119721649221901 ], [ -71.506770113842705, 42.119712011621402 ], [ -71.506838807828402, 42.119765036320402 ], [ -71.507031350082002, 42.119958593210903 ], [ -71.507155806299494, 42.120124514259501 ], [ -71.507198024303094, 42.120240382642798 ], [ -71.507262851913396, 42.120315195040803 ], [ -71.507272531103297, 42.120356158930797 ], [ -71.507259960891503, 42.120414230289001 ], [ -71.507178596972594, 42.120616807136898 ], [ -71.507123600091404, 42.120858095988297 ], [ -71.507091096535802, 42.121101724242401 ], [ -71.5070976436336, 42.121251356798297 ], [ -71.507126794164904, 42.121301952895998 ], [ -71.507178679936303, 42.121350386798298 ], [ -71.507295385977898, 42.121398456438499 ], [ -71.507399035905905, 42.121485240504398 ], [ -71.507561107694997, 42.121661422270499 ], [ -71.5077912653894, 42.121830306610697 ], [ -71.507859356967799, 42.121876218205401 ], [ -71.507876050855501, 42.121916281234697 ], [ -71.507914406984298, 42.122076445260703 ], [ -71.507975851435603, 42.122153598296599 ], [ -71.508053861061001, 42.122206711630497 ], [ -71.508335784476799, 42.122392337135302 ], [ -71.508552885860695, 42.122561310908601 ], [ -71.508779793863397, 42.122800148226403 ], [ -71.508838233135805, 42.122995602862702 ], [ -71.508987367083506, 42.123133159910097 ], [ -71.509032729969107, 42.123215175347099 ], [ -71.509039154038604, 42.123316460657897 ], [ -71.509113772467998, 42.123318885604398 ], [ -71.5092012123188, 42.123335804598803 ], [ -71.509259511667807, 42.123388828652402 ], [ -71.509303411595894, 42.123387294553801 ], [ -71.509337394431896, 42.1233840506424 ], [ -71.509363277802393, 42.123403315342401 ], [ -71.509418430844605, 42.123441934478002 ], [ -71.509525353411902, 42.1235360089035 ], [ -71.509614368434399, 42.1235699434677 ], [ -71.509651741733407, 42.1235938887923 ], [ -71.509670854267, 42.123622877430499 ], [ -71.509703521775094, 42.123716957932501 ], [ -71.509791210150098, 42.123772410078502 ], [ -71.509830038653405, 42.123820663814101 ], [ -71.509843963724407, 42.123931671864099 ], [ -71.510810504717, 42.123953642518799 ], [ -71.519238516378294, 42.1242003047197 ], [ -71.528749706596301, 42.1313524180445 ], [ -71.538152567815402, 42.138051091627801 ], [ -71.539302657058201, 42.138367524289102 ], [ -71.563219692642207, 42.153384801452702 ], [ -71.563266821989103, 42.153811704519001 ], [ -71.562931756496198, 42.154147346075398 ], [ -71.562606985317601, 42.1543736828622 ], [ -71.562512798463004, 42.154443868745702 ], [ -71.562345273994794, 42.154623392607903 ], [ -71.562156809662298, 42.1549198783867 ], [ -71.562251501002194, 42.155239528551398 ], [ -71.562084004256604, 42.155450292890897 ], [ -71.561811539197393, 42.155473758271697 ], [ -71.561517823800003, 42.1552945737104 ], [ -71.561213892285593, 42.155310311853199 ], [ -71.560993842180395, 42.155357245486201 ], [ -71.560878703090495, 42.1555365592261 ], [ -71.560960279348507, 42.155812822251498 ], [ -71.561026088114104, 42.156300937478598 ], [ -71.560994959104093, 42.156519370207199 ], [ -71.560953336986202, 42.156773370898101 ], [ -71.561001620884099, 42.1570299346646 ], [ -71.561074185429106, 42.157243810591901 ], [ -71.561074408539596, 42.157475641275802 ], [ -71.5609186934972, 42.157616893331799 ], [ -71.560817633369794, 42.157718952541202 ], [ -71.560792395346695, 42.157772714658499 ], [ -71.5608012899486, 42.157836812278802 ], [ -71.560880216600196, 42.157997206292798 ], [ -71.560955188743307, 42.158323350097497 ], [ -71.5612474160733, 42.158577713002202 ], [ -71.561423327117396, 42.158672782029498 ], [ -71.561644625763407, 42.1587785401193 ], [ -71.561799232285907, 42.1588645268547 ], [ -71.561915137895895, 42.158971241501902 ], [ -71.561948272319, 42.159073769315498 ], [ -71.561952724919195, 42.159172531305302 ], [ -71.561957073228598, 42.159288399306703 ], [ -71.562000215200698, 42.159353918805699 ], [ -71.562047805334799, 42.159389635503302 ], [ -71.562237267534897, 42.159479654179897 ], [ -71.562296237751596, 42.159520766475701 ], [ -71.562318192244803, 42.159574143132701 ], [ -71.562318635541899, 42.159655891355499 ], [ -71.5622918291606, 42.159837229055299 ], [ -71.562301099634794, 42.159912580252403 ], [ -71.562373187866598, 42.160003382676997 ], [ -71.562436021045698, 42.160034499317 ], [ -71.562654976858994, 42.160089479036401 ], [ -71.562729296317301, 42.160110865852097 ], [ -71.562765494153396, 42.160127771931002 ], [ -71.562817804664803, 42.160163575751803 ], [ -71.562847250050595, 42.160204613903701 ], [ -71.5628880681721, 42.160365747614499 ], [ -71.562953275951699, 42.160472308926501 ], [ -71.563003301292099, 42.160521798678701 ], [ -71.5630634688263, 42.160548594933502 ], [ -71.563320426775803, 42.160606883626301 ], [ -71.563444372402898, 42.160640306753997 ], [ -71.563504323897007, 42.160692761826503 ], [ -71.563553041557398, 42.160885852034902 ], [ -71.563612944204706, 42.161009972013602 ], [ -71.563680936345804, 42.161115811105901 ], [ -71.563715006023102, 42.161181695106301 ], [ -71.563701140051194, 42.161231580166302 ], [ -71.563565993059299, 42.1613726442367 ], [ -71.563544246254907, 42.161407498414803 ], [ -71.563533283698405, 42.161456751623902 ], [ -71.563532276817696, 42.161538860746802 ], [ -71.563661073930007, 42.161822658043498 ], [ -71.563851181119801, 42.162183397823298 ], [ -71.563848430297995, 42.162215630564802 ], [ -71.563815310400201, 42.162252561843097 ], [ -71.563654886362201, 42.162289203743299 ], [ -71.563572761275097, 42.162330663716297 ], [ -71.563523208223202, 42.162392182568198 ], [ -71.563506289600696, 42.162656974012599 ], [ -71.563506471067498, 42.162838296955698 ], [ -71.563479611200904, 42.163085087623699 ], [ -71.5634669924966, 42.1632936971234 ], [ -71.563513857728793, 42.163447714712099 ], [ -71.563744272964996, 42.1636942725642 ], [ -71.563913804740906, 42.163925918709303 ], [ -71.564029026589694, 42.164061891686799 ], [ -71.564123816547493, 42.164097040939197 ], [ -71.564272638979702, 42.164071748842701 ], [ -71.564414892501901, 42.164132170025901 ], [ -71.564442081620498, 42.164212732743799 ], [ -71.564354262168806, 42.164368896314301 ], [ -71.564259634786794, 42.164494813120299 ], [ -71.5642779715958, 42.164796407613203 ], [ -71.564292309401907, 42.164853569431799 ], [ -71.564316916816097, 42.164894159733201 ], [ -71.564412762580005, 42.165014297669799 ], [ -71.564463317680904, 42.165104120461599 ], [ -71.564440662942701, 42.165199026154198 ], [ -71.564367806676799, 42.165314217071902 ], [ -71.564342324963306, 42.165366359478099 ], [ -71.564330769761597, 42.165427947347297 ], [ -71.564321587879803, 42.165562549237002 ], [ -71.564315020150602, 42.1657689946014 ], [ -71.564321955581704, 42.165925284973802 ], [ -71.564276873106905, 42.165981849886698 ], [ -71.564116970012904, 42.1660640479286 ], [ -71.563984644653601, 42.166252287173499 ], [ -71.563843780959701, 42.1664949999195 ], [ -71.563606192528695, 42.1668295980528 ], [ -71.563394892301801, 42.1670723492782 ], [ -71.563264512133799, 42.167273731143197 ], [ -71.563075665064005, 42.1675839027615 ], [ -71.562839934950901, 42.167847913738598 ], [ -71.562547584770698, 42.167764254529601 ], [ -71.562316961160505, 42.167685512757998 ], [ -71.561839510054, 42.167539560559398 ], [ -71.561231590191696, 42.167382872376599 ], [ -71.559809343429805, 42.167116860594902 ], [ -71.559804562409298, 42.167437104184501 ], [ -71.559783567134303, 42.167631762651602 ], [ -71.559916195651098, 42.167876488320204 ], [ -71.5601554857586, 42.168035628251999 ], [ -71.560462654316694, 42.16805059192 ], [ -71.560583869755206, 42.167872716265499 ], [ -71.560766161557495, 42.167654294069898 ], [ -71.561057172526503, 42.167606873066397 ], [ -71.561227872941501, 42.167794767236202 ], [ -71.5610989308678, 42.1679901137502 ], [ -71.560900829074001, 42.1681280569507 ], [ -71.560649416225502, 42.168329590059002 ], [ -71.560505106679102, 42.168530525949798 ], [ -71.560552754272805, 42.168746935831699 ], [ -71.560610564346206, 42.168832614998202 ], [ -71.560721016656899, 42.168914845080799 ], [ -71.560812361016403, 42.169011220092202 ], [ -71.560865389011298, 42.169157672727401 ], [ -71.560952013179602, 42.1693791935025 ], [ -71.560980906352, 42.169472090339099 ], [ -71.5610434411049, 42.169561368012701 ], [ -71.561206993732796, 42.169736301468703 ], [ -71.561322303158605, 42.169832753297101 ], [ -71.561346425282807, 42.169872084025499 ], [ -71.561403461892596, 42.170031768832402 ], [ -71.561423470217306, 42.170072092089697 ], [ -71.5614603048557, 42.170116187634797 ], [ -71.561563006610797, 42.170189958113099 ], [ -71.561710169853001, 42.170309530452599 ], [ -71.561759958699596, 42.170357760361597 ], [ -71.561793054801399, 42.170415092396297 ], [ -71.561811979691896, 42.170460998100801 ], [ -71.561880295821396, 42.170643544495299 ], [ -71.561942895839707, 42.170797193922702 ], [ -71.562024621967097, 42.1709543441834 ], [ -71.562265188037301, 42.171286518871 ], [ -71.562304887718497, 42.171412180824298 ], [ -71.562327807133698, 42.171457994234601 ], [ -71.562368627152594, 42.171491913789602 ], [ -71.562419133060203, 42.171529429304201 ], [ -71.562596894803804, 42.171622064499999 ], [ -71.562669109343602, 42.171704313541298 ], [ -71.562741149979502, 42.171732904054998 ], [ -71.562827564807904, 42.171732856736099 ], [ -71.563019815916604, 42.171789921021997 ], [ -71.563168749516606, 42.171857722567303 ], [ -71.563212127827498, 42.171907665958301 ], [ -71.563269809156907, 42.171979118889503 ], [ -71.563265007202105, 42.172018465158402 ], [ -71.563245802606701, 42.172057729340999 ], [ -71.563217065154305, 42.172125628686402 ], [ -71.563229947352696, 42.172178830000398 ], [ -71.563245995022996, 42.172250756048101 ], [ -71.563217268068797, 42.172329279062502 ], [ -71.563198070523995, 42.172375745723897 ], [ -71.563159743054001, 42.172415110459397 ], [ -71.563082934893998, 42.172461608820903 ], [ -71.563030080046701, 42.172497380257802 ], [ -71.562999370896804, 42.1725302585074 ], [ -71.562977378074194, 42.172565292709102 ], [ -71.562947129763302, 42.1725747625906 ], [ -71.562833258704103, 42.172593911653301 ], [ -71.562774307077405, 42.172584220578599 ], [ -71.562722736387997, 42.1725725447508 ], [ -71.562674701311906, 42.172586885971299 ], [ -71.562645938295802, 42.172629756520003 ], [ -71.562626857806805, 42.172672711804204 ], [ -71.562578840215707, 42.172704879143303 ], [ -71.562569203547696, 42.172751340477703 ], [ -71.562577493602703, 42.172812106981802 ], [ -71.562559765396401, 42.172876398898403 ], [ -71.562574259763196, 42.172969303136902 ], [ -71.562610028832793, 42.173034916318997 ], [ -71.562670492906193, 42.173105017551698 ], [ -71.562689693589604, 42.173183604247399 ], [ -71.562665785732904, 42.173240787094301 ], [ -71.562586865485997, 42.173356070065402 ], [ -71.562565128152798, 42.173405238933 ], [ -71.562563476402801, 42.1734485448142 ], [ -71.562578051092999, 42.1736227471199 ], [ -71.562581237019501, 42.173662359082698 ], [ -71.562579834088694, 42.173712507193002 ], [ -71.562551081061002, 42.173766091409597 ], [ -71.562529694768898, 42.173803195903197 ], [ -71.562517514869995, 42.1738483081445 ], [ -71.562518403089499, 42.173889902045303 ], [ -71.562541627390303, 42.173998376898403 ], [ -71.562517768330494, 42.174105526958897 ], [ -71.562445695605504, 42.174169938492398 ], [ -71.562359298518501, 42.174191412921402 ], [ -71.562301817954904, 42.174202157872401 ], [ -71.562252299902795, 42.174186699412601 ], [ -71.562195895744296, 42.174184299181 ], [ -71.562156811249196, 42.174193953705803 ], [ -71.561965527667098, 42.174266712360499 ], [ -71.561914952849193, 42.174284565844502 ], [ -71.561874313245397, 42.174313127649697 ], [ -71.561857040832606, 42.174349509545102 ], [ -71.561845611656096, 42.174420370208203 ], [ -71.561778448788303, 42.174556173353103 ], [ -71.561736613185801, 42.174724103932697 ], [ -71.561749844280598, 42.174763440408803 ], [ -71.561772748814505, 42.174793138342203 ], [ -71.561817077892499, 42.174824175189201 ], [ -71.561846071360193, 42.174891952989 ], [ -71.561855702836297, 42.174963432503098 ], [ -71.561846221173596, 42.175045636029303 ], [ -71.561841446011002, 42.175113612098698 ], [ -71.561870297705198, 42.175159962559903 ], [ -71.561923232138199, 42.175202788796902 ], [ -71.561937680750901, 42.175249237048902 ], [ -71.561932881238107, 42.175292184483197 ], [ -71.561908826445304, 42.175324338581099 ], [ -71.561880047708499, 42.175352893978598 ], [ -71.561875355223805, 42.175381526404898 ], [ -71.561932992855603, 42.175406523937497 ], [ -71.561985810018996, 42.175452951451803 ], [ -71.561981134990006, 42.175499410032799 ], [ -71.561947566967703, 42.175581446514897 ], [ -71.561904493008498, 42.175720927965699 ], [ -71.561866052125694, 42.175771006008297 ], [ -71.561861363027404, 42.1758031496434 ], [ -71.561880504250595, 42.175820965474401 ], [ -71.561962235596795, 42.175853062443203 ], [ -71.562031040088399, 42.175909744839203 ], [ -71.562029501991802, 42.175945938175602 ], [ -71.561986302263904, 42.175956765269298 ], [ -71.561943116322098, 42.175981727222599 ], [ -71.5619392877813, 42.1760274650916 ], [ -71.561967366831794, 42.1761497121582 ], [ -71.561972167503598, 42.176231817928098 ], [ -71.561996295982794, 42.176274749720001 ], [ -71.5619963343416, 42.176314003258703 ], [ -71.561967586677099, 42.176374789789797 ], [ -71.561986780530106, 42.176446264107298 ], [ -71.561972429316199, 42.1764998403671 ], [ -71.561948495124, 42.176531994401302 ], [ -71.561914856924801, 42.176542726269702 ], [ -71.561890908810099, 42.176560655386197 ], [ -71.561852791638501, 42.176570849467197 ], [ -71.561809221761095, 42.176574924360303 ], [ -71.561780442499796, 42.176603569757901 ], [ -71.561722859461099, 42.1766357418688 ], [ -71.561684428297497, 42.176696533537402 ], [ -71.561646931338998, 42.176722302595103 ], [ -71.561626862441898, 42.176746531746701 ], [ -71.561631249923195, 42.176777500084398 ], [ -71.561655677154604, 42.176878771930397 ], [ -71.561704104348806, 42.177139565945197 ], [ -71.561757183694596, 42.177454015948001 ], [ -71.561834406297507, 42.177825532596202 ], [ -71.561919463847403, 42.178162563039002 ], [ -71.561954288200198, 42.178250054430002 ], [ -71.561958017751195, 42.1783507071505 ], [ -71.561979396223606, 42.178427582129501 ], [ -71.562018609125403, 42.178546581998198 ], [ -71.562025928607397, 42.178604828138397 ], [ -71.562018684201306, 42.178623378456102 ], [ -71.562004532545501, 42.178633919743497 ], [ -71.561976100525499, 42.178647169680197 ], [ -71.561951186547503, 42.178668430473799 ], [ -71.5619140288143, 42.178670791349901 ], [ -71.561880003252, 42.178657845243102 ], [ -71.561845122244804, 42.178636526698497 ], [ -71.561822963950704, 42.178628795975399 ], [ -71.561806872689104, 42.178636367259003 ], [ -71.5617978055637, 42.178647716059899 ], [ -71.5617873981126, 42.178649972444703 ], [ -71.561767433222101, 42.178657275716702 ], [ -71.561755448098197, 42.178655301488497 ], [ -71.561719861639006, 42.178655320647898 ], [ -71.561655850783197, 42.1786765123828 ], [ -71.561609514619093, 42.1787003054881 ], [ -71.561559642590296, 42.1786977213713 ], [ -71.5614991059999, 42.178681908386501 ], [ -71.561477207353406, 42.178692273701103 ], [ -71.561463557992496, 42.178721631144398 ], [ -71.561471692441501, 42.178747015543699 ], [ -71.561480670443302, 42.178768528154301 ], [ -71.561485056945997, 42.178798416114901 ], [ -71.561478180024693, 42.178821647815802 ], [ -71.5614602016189, 42.1788804477357 ], [ -71.561424635605704, 42.178901714122603 ], [ -71.561406849975796, 42.178909646381499 ], [ -71.561378278720696, 42.178904349845403 ], [ -71.561364111568693, 42.178899045595003 ], [ -71.561292804546994, 42.178885849165702 ], [ -71.561243063597004, 42.178893798475102 ], [ -71.561182580557997, 42.17893362449 ], [ -71.561122071854101, 42.178946891323903 ], [ -71.5610402569651, 42.178957468537597 ], [ -71.560936911705994, 42.178983992633498 ], [ -71.560755352283493, 42.1789894008038 ], [ -71.560637927821006, 42.178976138361101 ], [ -71.560588171756805, 42.178968421990199 ], [ -71.560538289335099, 42.178955123738803 ], [ -71.560498946168806, 42.178950732980603 ], [ -71.560474250061304, 42.178947234795999 ], [ -71.560457771147895, 42.178929327304701 ], [ -71.5604512229921, 42.178916906470697 ], [ -71.560438617978605, 42.1788995371206 ], [ -71.560412106337594, 42.178896129910498 ], [ -71.560395884797202, 42.1788942478031 ], [ -71.560331704438894, 42.178865201556 ], [ -71.560278281800606, 42.178820214120798 ], [ -71.560264114759406, 42.178814909734498 ], [ -71.560242697727702, 42.178822843721299 ], [ -71.560178706364596, 42.1788652819506 ], [ -71.560152454593506, 42.178880601004501 ], [ -71.560128861826797, 42.178891777229303 ], [ -71.560106583462996, 42.1788849465485 ], [ -71.560078974616502, 42.178873256979102 ], [ -71.560050507061007, 42.178849503690699 ], [ -71.560011402587605, 42.178841421366798 ], [ -71.559981508607194, 42.178845218311999 ], [ -71.559961543107093, 42.178852161145301 ], [ -71.559901066699098, 42.178899819182703 ], [ -71.559815652893406, 42.178944879297902 ], [ -71.559755128967694, 42.178942299952197 ], [ -71.559655488202907, 42.178918493601302 ], [ -71.559470324257703, 42.178823246888598 ], [ -71.559437397437705, 42.178819842780001 ], [ -71.559399880187499, 42.178826254425402 ], [ -71.559370587599702, 42.178825999502102 ], [ -71.559335842869501, 42.178820165467002 ], [ -71.559270944722499, 42.178799581917197 ], [ -71.559045544191207, 42.178779171118897 ], [ -71.558998344352403, 42.178786487928797 ], [ -71.558947029638404, 42.178794437052098 ], [ -71.558875772450506, 42.178834267388197 ], [ -71.558854481125806, 42.178847422852499 ], [ -71.558833180107101, 42.178850134714999 ], [ -71.558815255846895, 42.178839430213799 ], [ -71.558801069396907, 42.178813058388897 ], [ -71.558758442776593, 42.178791922940199 ], [ -71.558697785668599, 42.178776018507897 ], [ -71.558630113030304, 42.178765429463297 ], [ -71.558395154774303, 42.178749703888101 ], [ -71.558352416978295, 42.178739101978998 ], [ -71.558334596984693, 42.178710031013203 ], [ -71.558302062199303, 42.178606241745896 ], [ -71.5582918659413, 42.178575006151 ], [ -71.558264010187798, 42.178557554281703 ], [ -71.558249116128493, 42.178551169643001 ], [ -71.558193901320095, 42.178529860315301 ], [ -71.558174282916198, 42.178519426666398 ], [ -71.558149210279595, 42.178500983015503 ], [ -71.558136973643101, 42.178488564933303 ], [ -71.558117334971897, 42.178455983643097 ], [ -71.558092361489301, 42.1784135916661 ], [ -71.5580637641187, 42.178379214283297 ], [ -71.558013996486096, 42.178357992141201 ], [ -71.557966521934901, 42.178329386270903 ], [ -71.557946300313205, 42.178321023602201 ], [ -71.557912409446601, 42.1783219410339 ], [ -71.557885786670099, 42.178328976899401 ], [ -71.5578287832234, 42.1783369283946 ], [ -71.557795752188198, 42.1783516201114 ], [ -71.557759591755698, 42.178385760104902 ], [ -71.557729226058697, 42.178403151391599 ], [ -71.557695105916196, 42.178418203751697 ], [ -71.557661582947901, 42.178424432756998 ], [ -71.557576153729102, 42.1784535557168 ], [ -71.557550267157794, 42.178471664955403 ], [ -71.557522803024796, 42.178485363457298 ], [ -71.557487698217301, 42.178482500067801 ], [ -71.557473047561302, 42.178477465672103 ], [ -71.557394692714794, 42.178432579416402 ], [ -71.557284268874398, 42.178395451803098 ], [ -71.557188121036603, 42.178350484261898 ], [ -71.557127540547498, 42.1782843416254 ], [ -71.557101344898598, 42.1782280852564 ], [ -71.557074075393203, 42.178189025349198 ], [ -71.5570490956692, 42.178138800443797 ], [ -71.556970103509599, 42.178057361598697 ], [ -71.556903015248196, 42.178022372823797 ], [ -71.556871034228394, 42.177993218622802 ], [ -71.556781796140697, 42.177958870977498 ], [ -71.556732145638094, 42.177932426417797 ], [ -71.556696552502302, 42.1779245212877 ], [ -71.556643183393902, 42.177935711515701 ], [ -71.556596700754397, 42.177932493348798 ], [ -71.556564731720798, 42.177916573623598 ], [ -71.556554044721196, 42.177876875192297 ], [ -71.556560308426597, 42.177842750326597 ], [ -71.5565646443833, 42.177818619860403 ], [ -71.556546953570106, 42.177797471283597 ], [ -71.556511244224097, 42.1777948779864 ], [ -71.556454350348503, 42.177789594177497 ], [ -71.556404243007506, 42.177793580202902 ], [ -71.556383178398207, 42.177789629195203 ], [ -71.556372394012996, 42.177776399929598 ], [ -71.556376013393304, 42.177763073551397 ], [ -71.556407946999798, 42.177739289643597 ], [ -71.5564258232979, 42.1776968762126 ], [ -71.556461385663894, 42.177670389571702 ], [ -71.556468384857098, 42.177646617921397 ], [ -71.556443552659104, 42.177625382813503 ], [ -71.556415089346501, 42.177604239517798 ], [ -71.556336612888003, 42.1775566516609 ], [ -71.556283173018002, 42.177487804129598 ], [ -71.556261837055203, 42.177450721795999 ], [ -71.556226365288296, 42.177442816459902 ], [ -71.556195957833495, 42.177413031078899 ], [ -71.5561879396097, 42.177379633477898 ], [ -71.556179813270205, 42.177360820963997 ], [ -71.556153169587205, 42.177343998202801 ], [ -71.556097948094703, 42.177313144571201 ], [ -71.555984012280106, 42.177270885646699 ], [ -71.555944907074803, 42.177260281064797 ], [ -71.555902191714694, 42.177273536465997 ], [ -71.555852360670897, 42.177315965387301 ], [ -71.555838110697906, 42.177353155163097 ], [ -71.555847348961393, 42.177397716048098 ], [ -71.555813229942899, 42.177413938254297 ], [ -71.5557776464738, 42.177416566469901 ], [ -71.555745675611504, 42.1773980356148 ], [ -71.555741900114995, 42.177371568312999 ], [ -71.555734861211405, 42.177350414430997 ], [ -71.555706765646804, 42.177334132458199 ], [ -71.555670803297602, 42.177318754608898 ], [ -71.555649374508505, 42.1773133631457 ], [ -71.555636913723106, 42.177320571678699 ], [ -71.555620955724294, 42.177342547003803 ], [ -71.555581871517106, 42.177355890555098 ], [ -71.555548823366095, 42.177351044891203 ], [ -71.555421591480496, 42.177329408965797 ], [ -71.555382502523798, 42.177337350586697 ], [ -71.555364730483902, 42.177361217404801 ], [ -71.5553825626492, 42.177406224332799 ], [ -71.555389752508802, 42.177461770034903 ], [ -71.555368390798606, 42.177533265026497 ], [ -71.555329199200003, 42.177562454012303 ], [ -71.555243886486096, 42.177586263349298 ], [ -71.555158429732401, 42.177583693586897 ], [ -71.555115709375301, 42.177591636863198 ], [ -71.555080146491804, 42.1776181230871 ], [ -71.555066028448095, 42.177668457238198 ], [ -71.555030628565802, 42.177882928246703 ], [ -71.555012938840207, 42.178002047840003 ], [ -71.554963017724702, 42.178081569212203 ], [ -71.554899021240502, 42.178121303569696 ], [ -71.554824336383405, 42.178118638369497 ], [ -71.554692650290306, 42.178126714019101 ], [ -71.554457731699301, 42.178153294958904 ], [ -71.554404353587799, 42.178154670762403 ], [ -71.554365137244602, 42.178155949796697 ], [ -71.554324205966793, 42.178133461428502 ], [ -71.554290413923098, 42.178108358764902 ], [ -71.554236906876497, 42.178100461351598 ], [ -71.5541978240649, 42.178116325298298 ], [ -71.5541622582749, 42.178140200335399 ], [ -71.554130198204703, 42.178158851904698 ], [ -71.554105272498504, 42.1781692172408 ], [ -71.554076841416205, 42.178185256181798 ], [ -71.553945179740893, 42.178222320964302 ], [ -71.5537814352395, 42.1782515679445 ], [ -71.553660393623701, 42.178251624650798 ], [ -71.553621285995604, 42.178238408378398 ], [ -71.553599850452201, 42.178225183833597 ], [ -71.553575001120606, 42.178182790814702 ], [ -71.5535784621282, 42.178124539098199 ], [ -71.553560624352002, 42.178071609164398 ], [ -71.553526937960299, 42.1780278697954 ], [ -71.553382573377405, 42.177928722856201 ], [ -71.553196340071693, 42.177842649670303 ], [ -71.553161589205303, 42.177828170784103 ], [ -71.55311909868, 42.177821978331501 ], [ -71.553052648186096, 42.177823089467701 ], [ -71.553029284452194, 42.1778196790941 ], [ -71.553006401197905, 42.177811856971303 ], [ -71.552980242029406, 42.177794673126101 ], [ -71.552956963727695, 42.177748587970697 ], [ -71.552931153222801, 42.177714027956398 ], [ -71.552870210906605, 42.177643381679601 ], [ -71.552844399816905, 42.177608011365699 ], [ -71.552828525308001, 42.177586141129403 ], [ -71.552807079808503, 42.177560492151599 ], [ -71.552778019950495, 42.177548261304501 ], [ -71.552739883207707, 42.177537385091298 ], [ -71.552714084128397, 42.177516329682902 ], [ -71.552703653951994, 42.177491395869602 ], [ -71.552695885021393, 42.177464480148601 ], [ -71.552671306104202, 42.177455128209402 ], [ -71.552636562591502, 42.177449112081099 ], [ -71.552562711654005, 42.177429249089897 ], [ -71.552544060748801, 42.1774162931628 ], [ -71.552525420808905, 42.177416571795902 ], [ -71.552515622081998, 42.1774232385836 ], [ -71.552491919689004, 42.177449178386198 ], [ -71.552455776346207, 42.177506814814002 ], [ -71.552401583654103, 42.177547173513403 ], [ -71.552391202741106, 42.177581750189198 ], [ -71.552355164445999, 42.177620209917499 ], [ -71.552291270543705, 42.1776389655355 ], [ -71.552277722322799, 42.1776490551931 ], [ -71.552276406605401, 42.177668142380298 ], [ -71.552282966609894, 42.177697039363501 ], [ -71.552243471122296, 42.177946983614198 ], [ -71.552217252792403, 42.1780047955016 ], [ -71.552162210235906, 42.178042723632501 ], [ -71.5520554866021, 42.178085086731897 ], [ -71.552013661157304, 42.178151998792799 ], [ -71.551941864716596, 42.178276814391197 ], [ -71.551833964771603, 42.178361582445397 ], [ -71.551738054964204, 42.1784552580623 ], [ -71.551690305064994, 42.178530995717601 ], [ -71.551666378680295, 42.178580073427298 ], [ -71.551660373782795, 42.178638056133799 ], [ -71.551687284649404, 42.178686480715299 ], [ -71.551738298515303, 42.178753890970299 ], [ -71.551750479079899, 42.178847427739598 ], [ -71.551714696569107, 42.1790525346197 ], [ -71.551717150093097, 42.179092597330701 ], [ -71.551732808352398, 42.179146158742199 ], [ -71.551755122557793, 42.179197916526299 ], [ -71.551846734765206, 42.179324368763702 ], [ -71.551912838532502, 42.179489275732202 ], [ -71.552008946575995, 42.179783453628303 ], [ -71.552098963188101, 42.179881456567898 ], [ -71.5523088329534, 42.180001732523102 ], [ -71.552368768638502, 42.180024032864303 ], [ -71.552422622652003, 42.180010683664001 ], [ -71.5524885441896, 42.1799526735211 ], [ -71.552548461396498, 42.179952646079698 ], [ -71.552590497176794, 42.1799926906208 ], [ -71.552600353101596, 42.180054537422301 ], [ -71.552548874926899, 42.180451867972799 ], [ -71.552603001785499, 42.180621191521503 ], [ -71.552769123570101, 42.1808225146032 ], [ -71.552825107294694, 42.181040183841098 ], [ -71.552867045206995, 42.181106967531903 ], [ -71.552928677468003, 42.181130077073902 ], [ -71.553100843081907, 42.181173752556198 ], [ -71.553298705372598, 42.181258379952801 ], [ -71.553592229878006, 42.181383386266702 ], [ -71.553646485313706, 42.1814142415367 ], [ -71.553688651346704, 42.181463198675701 ], [ -71.553754493561797, 42.181596863887101 ], [ -71.5538207862772, 42.181833164198601 ], [ -71.553960445018305, 42.181796455946397 ], [ -71.554082557963795, 42.1817672283739 ], [ -71.554318250149606, 42.181780081441801 ], [ -71.554641395268007, 42.181857804747203 ], [ -71.554815989208606, 42.181906338168098 ], [ -71.554837693484799, 42.181948642365498 ], [ -71.554907673642106, 42.181964814461502 ], [ -71.555038656849007, 42.1819745650511 ], [ -71.555086597692195, 42.181980934233501 ], [ -71.555160786472101, 42.181964692990199 ], [ -71.555339854333099, 42.1820068312594 ], [ -71.555536226743897, 42.182042478637101 ], [ -71.5557196442155, 42.182074800826598 ], [ -71.555806931962906, 42.182087812877597 ], [ -71.555864824115801, 42.182122716720698 ], [ -71.555905645160905, 42.182153937586797 ], [ -71.555929271397503, 42.182178504531002 ], [ -71.555929302989597, 42.1822143368559 ], [ -71.555916125771006, 42.182233789979001 ], [ -71.555885641357094, 42.1822564926524 ], [ -71.555824520119103, 42.182266335801899 ], [ -71.555732922836796, 42.182308514864701 ], [ -71.555680858417304, 42.182293504978503 ], [ -71.555658696832495, 42.182282621985301 ], [ -71.5556709010053, 42.182257767504098 ], [ -71.555684800726894, 42.182233902539302 ], [ -71.555641180367601, 42.182185306969302 ], [ -71.5555737570334, 42.182186510066401 ], [ -71.555527681686499, 42.182237219841703 ], [ -71.555510307401207, 42.182302140607398 ], [ -71.555497276683596, 42.182350853687197 ], [ -71.555497302282006, 42.182380113750703 ], [ -71.555510752720195, 42.182396042728101 ], [ -71.555545390147799, 42.182415742745697 ], [ -71.555663194199795, 42.182441704584797 ], [ -71.555738306581006, 42.182511802251398 ], [ -71.555819499349695, 42.182613407758403 ], [ -71.555939738695002, 42.1826550335212 ], [ -71.5559958164026, 42.182690748459201 ], [ -71.555923701983204, 42.182726435924401 ], [ -71.555725268787299, 42.182827907422997 ], [ -71.555715783554206, 42.183054249951198 ], [ -71.555643820271399, 42.183262886697399 ], [ -71.5554358515882, 42.183536861680999 ], [ -71.555444023325293, 42.183745459518903 ], [ -71.555468300293896, 42.183959991604901 ], [ -71.555204056382394, 42.184114972390397 ], [ -71.555132017677195, 42.184240150100599 ], [ -71.555068192660201, 42.184484434793603 ], [ -71.555172355682899, 42.184549927274603 ], [ -71.555196512728202, 42.1846273422832 ], [ -71.555196621543004, 42.184752395244203 ], [ -71.555180687235904, 42.1849430884957 ], [ -71.555268845968101, 42.1849787883353 ], [ -71.555340985560306, 42.184829842331801 ], [ -71.5555089721868, 42.184787986776698 ], [ -71.555605271910906, 42.184996451837897 ], [ -71.555485295326307, 42.1851216529844 ], [ -71.555421371906903, 42.185252768971203 ], [ -71.555485550637201, 42.185413533228299 ], [ -71.555661911722495, 42.185532648751 ], [ -71.555943617764299, 42.185680972719901 ], [ -71.556094717006204, 42.185842234377297 ], [ -71.556263085359504, 42.1859553208036 ], [ -71.556455259162306, 42.185883741789702 ], [ -71.556599437067803, 42.1858836707246 ], [ -71.556799621335998, 42.185835945380802 ], [ -71.5568877608235, 42.185847785779302 ], [ -71.556935686438194, 42.185698850801998 ], [ -71.557055969858098, 42.185782159684898 ], [ -71.557056018122694, 42.185835818107797 ], [ -71.556983938252003, 42.185913280562701 ], [ -71.556799834729802, 42.186074257196701 ], [ -71.556800064087597, 42.1863303951218 ], [ -71.556695988409103, 42.186503215997597 ], [ -71.556447805763995, 42.186622449354303 ], [ -71.556416063800896, 42.1868667189039 ], [ -71.556448187531799, 42.1870514465719 ], [ -71.556432319926898, 42.187313534417299 ], [ -71.556376523143101, 42.187462563042502 ], [ -71.556280592426603, 42.187677063819301 ], [ -71.556204382674096, 42.1878789505162 ], [ -71.556240796381104, 42.187986879736002 ], [ -71.5563448876119, 42.188099997506001 ], [ -71.556609129346896, 42.187927098052398 ], [ -71.556697303652697, 42.187974680851703 ], [ -71.556673450861396, 42.188105777655899 ], [ -71.556537337578504, 42.1881952455347 ], [ -71.556425214251007, 42.188171442560801 ], [ -71.556313149196399, 42.188213181954097 ], [ -71.556093045099203, 42.188332220652498 ], [ -71.556105004145707, 42.188439711710501 ], [ -71.556196275905705, 42.188566970730101 ], [ -71.556233413729004, 42.188671928565 ], [ -71.556073175741602, 42.188725665440003 ], [ -71.555928996615194, 42.188731677880703 ], [ -71.555849090309195, 42.188862801816803 ], [ -71.555881150342302, 42.188975955044903 ], [ -71.555953408492698, 42.1890951207277 ], [ -71.555881481018204, 42.189351293701002 ], [ -71.555849745972907, 42.189607447052303 ], [ -71.555817879149203, 42.189851716370498 ], [ -71.555858103478798, 42.190024556089703 ], [ -71.556010491389102, 42.190262703489303 ], [ -71.556050721675604, 42.190441395133398 ], [ -71.556131019516599, 42.190614125117797 ], [ -71.556066019316802, 42.190901445430796 ], [ -71.556131430796896, 42.191078864282801 ], [ -71.5561316522151, 42.191329059955102 ], [ -71.556179921462999, 42.191561405980998 ], [ -71.556244203663596, 42.191829486376697 ], [ -71.556420705824905, 42.192085537472401 ], [ -71.556782428091097, 42.192458716904 ], [ -71.572174816859103, 42.192729969728497 ], [ -71.5720697711414, 42.193406617628199 ], [ -71.5719993996467, 42.193700612527998 ], [ -71.571858064524505, 42.193981417316202 ], [ -71.571663743308207, 42.194301868599503 ], [ -71.571433029627499, 42.194668888141699 ], [ -71.582911322175306, 42.195568226033203 ], [ -71.602221907488001, 42.218110095844203 ], [ -71.599318547460896, 42.225967799584801 ], [ -71.586759917550296, 42.259554061206799 ], [ -71.562194818931204, 42.267659792032397 ], [ -71.560584956726501, 42.2678724022906 ], [ -71.560407362316099, 42.267726917981001 ], [ -71.560195407909106, 42.2676482533777 ], [ -71.560009300382603, 42.267599284648398 ], [ -71.559781291606598, 42.267590490643101 ], [ -71.559619377139697, 42.2676173136133 ], [ -71.559559427304194, 42.267670822308197 ], [ -71.559397554322501, 42.2677422095975 ], [ -71.559331618805601, 42.267746655134303 ], [ -71.559211576679999, 42.2677021524403 ], [ -71.559043551215794, 42.267675500163698 ], [ -71.558923571645707, 42.2676978891323 ], [ -71.558851625196496, 42.267755815062202 ], [ -71.558809772552294, 42.267849467290198 ], [ -71.558761792828804, 42.267871639133801 ], [ -71.558689800744006, 42.267880678910501 ], [ -71.558581796010799, 42.267876322608799 ], [ -71.558533750304093, 42.267827190946797 ], [ -71.5585576640472, 42.267733728027501 ], [ -71.558527471577193, 42.2675911365262 ], [ -71.558503430386196, 42.267546584121803 ], [ -71.558425474491202, 42.267528797948899 ], [ -71.558365421126794, 42.267470939450099 ], [ -71.558350232135993, 42.267430253786202 ], [ -71.558335416085797, 42.267399651246798 ], [ -71.558281347363007, 42.267390765769797 ], [ -71.558215408079604, 42.267390799217097 ], [ -71.558053485292405, 42.267408707053498 ], [ -71.557879424928402, 42.267408794917301 ], [ -71.557813493759994, 42.267417741061003 ], [ -71.557789526312405, 42.267453404849803 ], [ -71.557807498226694, 42.267489047528599 ], [ -71.557843450254097, 42.267569245803799 ], [ -71.557807624249804, 42.2676271528805 ], [ -71.5577297334289, 42.267680669649501 ], [ -71.557603821994107, 42.267711883122097 ], [ -71.557495813537798, 42.267703024320902 ], [ -71.557411740566494, 42.267622850007598 ], [ -71.557321651594705, 42.267591744769703 ], [ -71.557285297673104, 42.267602566463403 ], [ -71.557273800897505, 42.267622918888698 ], [ -71.557297772480496, 42.267725450648499 ], [ -71.557291901539998, 42.2678011684729 ], [ -71.557242579928001, 42.267814427420802 ], [ -71.557177130335802, 42.267820311951702 ], [ -71.557075952738302, 42.267859255072104 ], [ -71.556992448933698, 42.267872440867301 ], [ -71.556947980816901, 42.267891369144301 ], [ -71.556938311460897, 42.267922164062 ], [ -71.556957503496704, 42.267967079313998 ], [ -71.556948095659905, 42.268019121087299 ], [ -71.556903512602403, 42.268045161741597 ], [ -71.556817478704602, 42.268075814404398 ], [ -71.556658261770394, 42.268139904113497 ], [ -71.556585050996105, 42.268142280981202 ], [ -71.556521384423405, 42.2681091814447 ], [ -71.556451285192097, 42.268066631927397 ], [ -71.556374770171502, 42.2680335386246 ], [ -71.556305262144093, 42.267974063163201 ], [ -71.556215412127003, 42.267938995640201 ], [ -71.556132615292896, 42.2679295830347 ], [ -71.556065672279104, 42.267891803306703 ], [ -71.555970129327093, 42.2678610597914 ], [ -71.555864989858705, 42.267806733110397 ], [ -71.555813934319303, 42.267778398612698 ], [ -71.555766182791402, 42.267785534150498 ], [ -71.555721745569898, 42.2678399336002 ], [ -71.555674020965697, 42.267877769179698 ], [ -71.555600693432595, 42.2678849170455 ], [ -71.555524316780406, 42.267870639294401 ], [ -71.555463685610604, 42.267842399300697 ], [ -71.555441093861305, 42.2677896528647 ], [ -71.555422236189401, 42.2677099857709 ], [ -71.555399858603096, 42.267624828565197 ], [ -71.555364726886395, 42.267508887378803 ], [ -71.555339247562202, 42.267480540334702 ], [ -71.555285055464395, 42.267468772559397 ], [ -71.555100379638205, 42.267527920742097 ], [ -71.554937963588301, 42.2675375416976 ], [ -71.5548614950618, 42.267556484472799 ], [ -71.554823345930004, 42.267594315125599 ], [ -71.554686512880394, 42.267752922499199 ], [ -71.554648377815994, 42.267807318532 ], [ -71.554587935492705, 42.267857043618697 ], [ -71.5544987533778, 42.267892557639797 ], [ -71.554457282319902, 42.267873671098499 ], [ -71.554422305964096, 42.267795632018 ], [ -71.554342640802105, 42.267762538852999 ], [ -71.554207365885901, 42.267760712167998 ], [ -71.553979479697901, 42.267753257029902 ], [ -71.553816996513206, 42.267684730737898 ], [ -71.553587753622594, 42.267649276252399 ], [ -71.553529064295105, 42.267622654863203 ], [ -71.553498511327902, 42.267613846200398 ], [ -71.5534637277146, 42.267618994087499 ], [ -71.553428466611507, 42.267632875057501 ], [ -71.553304229824803, 42.2676399551031 ], [ -71.553195991158901, 42.267644776864202 ], [ -71.553097212930993, 42.267656616458197 ], [ -71.552947493906899, 42.267630757063699 ], [ -71.552772306465698, 42.267588163675001 ], [ -71.552511025375395, 42.267505546247001 ], [ -71.552412303869303, 42.267439329559998 ], [ -71.552233843026499, 42.267247827874101 ], [ -71.552013145631605, 42.266988012568 ], [ -71.551918958867503, 42.266833204256798 ], [ -71.551898313963093, 42.266637579232999 ], [ -71.551819169404496, 42.266496628591902 ], [ -71.551763791983902, 42.266367461061598 ], [ -71.551730311788106, 42.2663353355737 ], [ -71.551489392924097, 42.266243433577898 ], [ -71.551344785558101, 42.266238366639698 ], [ -71.550870029640805, 42.266266667182101 ], [ -71.550756575272601, 42.266264196557202 ], [ -71.550677408944793, 42.266243794797902 ], [ -71.550554320862702, 42.266168404228402 ], [ -71.550301291261704, 42.266086408328199 ], [ -71.5501748512159, 42.2660629659132 ], [ -71.550116403720807, 42.2660319312157 ], [ -71.549919580916594, 42.2660588457776 ], [ -71.542938321259797, 42.2671894694804 ], [ -71.542739080736695, 42.26975115546 ], [ -71.580033368050906, 42.305900475643099 ], [ -71.585208281344705, 42.310958358875602 ], [ -71.592252790746798, 42.317724524626499 ], [ -71.597363979653906, 42.3210244513714 ], [ -71.601886230969797, 42.326979705431398 ], [ -71.603725106253094, 42.3285685950313 ], [ -71.605266828429293, 42.330168620709898 ], [ -71.603591649453406, 42.331685141854898 ], [ -71.604099925350596, 42.336776600034298 ], [ -71.6046636571985, 42.336754391351398 ], [ -71.606274953660602, 42.337379420520001 ], [ -71.610005623432301, 42.338429513134599 ], [ -71.611525187317298, 42.3390045905943 ], [ -71.616033638083593, 42.3414991347762 ], [ -71.617550358670499, 42.341976904667597 ], [ -71.619131299704804, 42.343357211437002 ], [ -71.620659052729195, 42.345257194903198 ], [ -71.625825925926407, 42.349732269680302 ], [ -71.624703624459599, 42.3504738836846 ], [ -71.610007922668203, 42.357412128094502 ], [ -71.603065868102604, 42.367275889735097 ], [ -71.607760499531196, 42.370031477560303 ], [ -71.580133458869199, 42.386991816907098 ], [ -71.604251641988398, 42.397711841253198 ], [ -71.630419761105799, 42.409545682101502 ], [ -71.660634578177806, 42.418240986721003 ], [ -71.656741639920597, 42.4309657666616 ], [ -71.642427522603498, 42.479511937526802 ], [ -71.635791704850405, 42.476899579755603 ], [ -71.633877178918695, 42.476233831519501 ], [ -71.548904261261598, 42.4473173774212 ], [ -71.543394339718802, 42.466460955813197 ], [ -71.560367299797093, 42.474358539019903 ], [ -71.534855374440397, 42.513338884323097 ], [ -71.5327191594167, 42.514658278211499 ], [ -71.5298412855972, 42.5198498627717 ], [ -71.531377476613699, 42.520360882835902 ], [ -71.538780426573894, 42.543039004915499 ], [ -71.5423244806491, 42.550343535608299 ], [ -71.533032480699404, 42.552734983980301 ], [ -71.533319078641, 42.552916208802699 ], [ -71.533224377975003, 42.552971600542399 ], [ -71.533192742717503, 42.553014460813898 ], [ -71.532939133783799, 42.553284063720398 ], [ -71.532849816986996, 42.553391757230798 ], [ -71.532786643902696, 42.553432555823299 ], [ -71.532759752897803, 42.553467852652702 ], [ -71.532731520706704, 42.553499728965299 ], [ -71.532702796583905, 42.553522242972299 ], [ -71.5326597082164, 42.553551872891497 ], [ -71.532577687548397, 42.553642639710603 ], [ -71.532506755876895, 42.553750597820901 ], [ -71.532431900567502, 42.553806073325902 ], [ -71.532380533277504, 42.5538381360983 ], [ -71.532325140110103, 42.553855256085903 ], [ -71.532053159914497, 42.553928701075399 ], [ -71.531808591658105, 42.554033736089998 ], [ -71.531769141983602, 42.5540367177341 ], [ -71.531729689315497, 42.554033757819496 ], [ -71.531623140976393, 42.554022174054602 ], [ -71.5314771691571, 42.554065965363499 ], [ -71.529628620194003, 42.555222085491899 ], [ -71.529467880945603, 42.5554629392417 ], [ -71.529461928864293, 42.5557544364884 ], [ -71.529200327804602, 42.555915374784099 ], [ -71.528829184267195, 42.555917178576202 ], [ -71.528497036752299, 42.555987029221498 ], [ -71.528234800291301, 42.556096292057099 ], [ -71.527880519914007, 42.556234744147297 ], [ -71.527695999047396, 42.556412584746703 ], [ -71.527643224783006, 42.556578690510499 ], [ -71.527435424667502, 42.5567108944092 ], [ -71.527010886246899, 42.5568668250218 ], [ -71.526688073265007, 42.557142551652603 ], [ -71.526613079568193, 42.557468813570701 ], [ -71.526291265314001, 42.5575229913876 ], [ -71.526231605244007, 42.557539929356203 ], [ -71.526208726620297, 42.557573783330497 ], [ -71.526176730786503, 42.557645089075997 ], [ -71.526195020200504, 42.5577026998577 ], [ -71.526181277091197, 42.557743393523303 ], [ -71.526103239341296, 42.557784101752901 ], [ -71.526061964889905, 42.557797704607601 ], [ -71.526020558879594, 42.557787631341398 ], [ -71.525999723826402, 42.557757658269999 ], [ -71.525979371199497, 42.557716342146101 ], [ -71.525945376702097, 42.557666116777099 ], [ -71.525915162154604, 42.557628133721799 ], [ -71.525860122197003, 42.557628146073 ], [ -71.525805093366301, 42.5576553454421 ], [ -71.525782092701803, 42.557689199358002 ], [ -71.525717922736305, 42.557696055454699 ], [ -71.525672134449906, 42.557689223879997 ], [ -71.525617099961806, 42.557702829637201 ], [ -71.525584963723901, 42.557730023814997 ], [ -71.525594106085705, 42.557753697923097 ], [ -71.525623954494407, 42.557789970699197 ], [ -71.525640039610096, 42.557818144427401 ], [ -71.525640417148097, 42.557848212135198 ], [ -71.525612537430703, 42.557862171944301 ], [ -71.525584896054298, 42.557863348381098 ], [ -71.525566630038995, 42.557862182127501 ], [ -71.525529984077096, 42.557879204652103 ], [ -71.525511606341297, 42.557902884852702 ], [ -71.5255069886461, 42.557926562008703 ], [ -71.525520882860107, 42.557957166866601 ], [ -71.525548422206299, 42.558004603063097 ], [ -71.525575971271095, 42.558075895430903 ], [ -71.525543735046597, 42.558157373679101 ], [ -71.525488960040903, 42.558211489809501 ], [ -71.525433814217095, 42.558252192520499 ], [ -71.525378777809394, 42.558262377276101 ], [ -71.525342000276893, 42.558255723635497 ], [ -71.525257739701004, 42.558268165332201 ], [ -71.525213676615493, 42.558313276652797 ], [ -71.525218199790999, 42.558357387088797 ], [ -71.525241238987505, 42.558418417857403 ], [ -71.525222874562999, 42.558476036794197 ], [ -71.525181602165304, 42.558496391079103 ], [ -71.525085286357196, 42.558510095606103 ], [ -71.524989088246997, 42.558513627393097 ], [ -71.524910914873999, 42.558523636887401 ], [ -71.524837250676796, 42.558542917759098 ], [ -71.524649630228495, 42.558618577580297 ], [ -71.524573412878894, 42.558648751648597 ], [ -71.524534939719501, 42.558666044312297 ], [ -71.524505119093604, 42.5587007096237 ], [ -71.5244891785498, 42.558730510722803 ], [ -71.524498339149304, 42.558801807235 ], [ -71.524594748133495, 42.559025494623803 ], [ -71.524613642694803, 42.559076263733701 ], [ -71.524622305812201, 42.559120463323403 ], [ -71.524611485225805, 42.559164487023601 ], [ -71.524594815628404, 42.559198519383699 ], [ -71.524545667516193, 42.559322131831003 ], [ -71.524507719837899, 42.559439260197401 ], [ -71.524498647459495, 42.5595952724778 ], [ -71.5244481416387, 42.559673243354503 ], [ -71.524375579682697, 42.559712598882598 ], [ -71.524301429092702, 42.559737731021201 ], [ -71.524228124461402, 42.559746208627701 ], [ -71.524131678871001, 42.559744518399903 ], [ -71.523893099363306, 42.559680111390101 ], [ -71.523796766074994, 42.559653034293703 ], [ -71.523691315133703, 42.559666649512899 ], [ -71.523177613975705, 42.559836267697399 ], [ -71.5208934001692, 42.564320040334003 ], [ -71.516326659878999, 42.566636622009703 ], [ -71.511459934451096, 42.569392003869901 ], [ -71.506412526205494, 42.572180767007197 ], [ -71.503037908112901, 42.575477274253103 ], [ -71.498068372296402, 42.576854827875799 ], [ -71.498007346479596, 42.576871571086897 ], [ -71.483765489846704, 42.573796525754403 ], [ -71.480020938861003, 42.558103108329298 ], [ -71.428534508123406, 42.528812123805203 ], [ -71.423795556396598, 42.526198300216699 ], [ -71.399515366532896, 42.534025118718901 ], [ -71.384740915254795, 42.538708119764003 ], [ -71.388373502280302, 42.549954667873301 ], [ -71.368336779428006, 42.558046010653399 ], [ -71.346330643190399, 42.563676410119399 ], [ -71.332544402055703, 42.560765495475401 ], [ -71.333091657625005, 42.560123791188097 ], [ -71.324802627067896, 42.556068366977499 ], [ -71.319619576875496, 42.554079680861101 ], [ -71.314386213822004, 42.549563083445904 ], [ -71.318314164891703, 42.542791082653402 ], [ -71.308750242889701, 42.533969110152199 ], [ -71.307186394428001, 42.533230198661997 ], [ -71.307539118367004, 42.530008100990798 ], [ -71.305411372167598, 42.529499764421502 ], [ -71.304588289854806, 42.529276822943402 ], [ -71.304779613952107, 42.528966203101703 ], [ -71.304895375015505, 42.528766094961597 ], [ -71.304949844388602, 42.528548868454799 ], [ -71.304949995644193, 42.528303102372597 ], [ -71.304919106955694, 42.528097704684598 ], [ -71.3048887941288, 42.527863590194798 ], [ -71.304842657366706, 42.527669329677302 ], [ -71.304865861249795, 42.527486529546998 ], [ -71.304865976388299, 42.5272918971501 ], [ -71.304897021881104, 42.527092185689099 ], [ -71.304997845463404, 42.526486402389502 ], [ -71.305163322418906, 42.525950407013902 ], [ -71.305392887177703, 42.525430453812 ], [ -71.306010222311002, 42.524390812085201 ], [ -71.306605014166493, 42.523115445044603 ], [ -71.306713388658096, 42.522778575284001 ], [ -71.306806203617398, 42.522395586809999 ], [ -71.306837365913296, 42.522075422054499 ], [ -71.3068015909476, 42.521636492891801 ], [ -71.306733681176993, 42.521159969603303 ], [ -71.306699854953806, 42.520601761118598 ], [ -71.306172564342305, 42.520473221245901 ], [ -71.305858736535498, 42.520383569038799 ], [ -71.305733204173706, 42.520364002347598 ], [ -71.305639022162396, 42.520359972580898 ], [ -71.305581804123904, 42.520326927154798 ], [ -71.305492651312903, 42.520270601514198 ], [ -71.305435112033393, 42.5202628523569 ], [ -71.305377513067498, 42.520274458337397 ], [ -71.305204282680805, 42.520213129208003 ], [ -71.304918973703707, 42.520150259885099 ], [ -71.3046260141533, 42.520121586203501 ], [ -71.304399119909903, 42.520098335311403 ], [ -71.304127304142995, 42.5199623870122 ], [ -71.304012263126296, 42.519935094156203 ], [ -71.303855176958393, 42.519926994916503 ], [ -71.303740027479606, 42.519934631114403 ], [ -71.303645701400796, 42.519977142145102 ], [ -71.303508599611305, 42.520077916095403 ], [ -71.281063283459005, 42.526355401793197 ], [ -71.278107730431302, 42.526722003647002 ], [ -71.264307761694994, 42.5240976883684 ], [ -71.256396421723394, 42.524000494875999 ], [ -71.2545683855775, 42.5225979069725 ], [ -71.250143369551594, 42.525739353226598 ], [ -71.242579393136893, 42.5199565499275 ], [ -71.241593203467801, 42.520806517628301 ], [ -71.2400567018027, 42.519725108508901 ], [ -71.236916760429693, 42.511501512996198 ], [ -71.233545106680296, 42.508702276143097 ], [ -71.232695455454703, 42.5077226377336 ], [ -71.231897761214398, 42.506376171509899 ], [ -71.221870765406507, 42.525242691204902 ], [ -71.217970701539699, 42.524056686590697 ], [ -71.205011682455094, 42.5444726891889 ], [ -71.204995008257598, 42.544497673275004 ], [ -71.205125657949907, 42.544624221257102 ], [ -71.205143959766303, 42.5446677497278 ], [ -71.205075551234103, 42.544743195170298 ], [ -71.205081385974594, 42.544823241596397 ], [ -71.205149077471503, 42.544901195543403 ], [ -71.205192601136901, 42.544940377283901 ], [ -71.205238471662497, 42.544972363069299 ], [ -71.205287329728804, 42.544990312695703 ], [ -71.205368344833005, 42.545004833497302 ], [ -71.205513456112996, 42.545085235547603 ], [ -71.205547266877403, 42.545144827844403 ], [ -71.205556262716001, 42.545199855582503 ], [ -71.205590234104704, 42.545225059037499 ], [ -71.205649026089802, 42.545227549703 ], [ -71.205724613389805, 42.545257360512501 ], [ -71.205747791547395, 42.545273533967602 ], [ -71.205758775030404, 42.545293997473301 ], [ -71.205766140973196, 42.5453330867552 ], [ -71.205772168565304, 42.545371992574303 ], [ -71.205799962607102, 42.545390428396203 ], [ -71.205873680750102, 42.545377292807103 ], [ -71.205933094627099, 42.545376994163497 ], [ -71.206010349694594, 42.545388624151997 ], [ -71.2060875029389, 42.545448236713902 ], [ -71.206167784269596, 42.545489762332302 ], [ -71.206207683157999, 42.545549369934299 ], [ -71.206222925714997, 42.545622598404101 ], [ -71.206262664582695, 42.545716594808603 ], [ -71.206407575818801, 42.545840566896601 ], [ -71.206577702660496, 42.545857024068098 ], [ -71.206630131588994, 42.545918913991798 ], [ -71.2066857266163, 42.545928327856302 ], [ -71.206806877436605, 42.545873451035902 ], [ -71.206902718209506, 42.545841826039499 ], [ -71.207057685769996, 42.545819353547202 ], [ -71.207295927170705, 42.545849666288397 ], [ -71.207462798494802, 42.545911846165197 ], [ -71.207596381519707, 42.545906333282502 ], [ -71.207775385129594, 42.545898954785599 ], [ -71.2080196557947, 42.545968261762098 ], [ -71.208174385308794, 42.545970903906799 ], [ -71.208323043144404, 42.545943822521402 ], [ -71.208413313942302, 42.545931807453599 ], [ -71.208582892880202, 42.5459879609312 ], [ -71.208672535326002, 42.546006552284403 ], [ -71.208948058856706, 42.546004907160999 ], [ -71.209078010391593, 42.546021259267903 ], [ -71.209130488721598, 42.546046598366601 ], [ -71.209173946796099, 42.546021501177698 ], [ -71.209195849736702, 42.545971232897202 ], [ -71.209242504684497, 42.545939301905896 ], [ -71.209298100949496, 42.545948534465197 ], [ -71.209350494677295, 42.545992238177298 ], [ -71.209393836485106, 42.545992347374003 ], [ -71.209449506637796, 42.545985555747798 ], [ -71.209619360285203, 42.546061603726301 ], [ -71.209659717227595, 42.546075388979197 ], [ -71.209710902681607, 42.546064264780298 ], [ -71.209808480706897, 42.546025259766097 ], [ -71.209857946724298, 42.546043839144303 ], [ -71.209870195935395, 42.546080599804 ], [ -71.209904037423897, 42.546108052253601 ], [ -71.209947316383904, 42.546121844753799 ], [ -71.210003452882802, 42.546119555240203 ], [ -71.210237765404202, 42.546237085410901 ], [ -71.210986915251894, 42.546708530642498 ], [ -71.212372956078795, 42.547552910103697 ], [ -71.210608965065703, 42.547672461550903 ], [ -71.209831113904997, 42.551452778267198 ], [ -71.210608959826303, 42.552741625027899 ], [ -71.211392281152101, 42.553080456958597 ], [ -71.208872725870407, 42.554544397621598 ], [ -71.218017358165497, 42.561027129991402 ], [ -71.218547816460898, 42.561518784393897 ], [ -71.218670314941207, 42.561657539614899 ], [ -71.218462358110102, 42.561648480132298 ], [ -71.218283204950396, 42.561652363995996 ], [ -71.218069639392098, 42.561617633351197 ], [ -71.217948399805607, 42.561578896920203 ], [ -71.2178966685468, 42.561518994701899 ], [ -71.217815885382606, 42.561501692657899 ], [ -71.217757666161106, 42.561530988018603 ], [ -71.217647670476794, 42.561619302245703 ], [ -71.217566370318295, 42.561744596334798 ], [ -71.217531147244401, 42.561859830492303 ], [ -71.217588589891506, 42.561949634720797 ], [ -71.217755990605994, 42.562014141207001 ], [ -71.217795954922707, 42.562091119205299 ], [ -71.217766845376602, 42.562146502610297 ], [ -71.217697259884304, 42.5621847725047 ], [ -71.217576083554107, 42.562158909235698 ], [ -71.217403195848206, 42.562068732295799 ], [ -71.217166618571696, 42.561978489017001 ], [ -71.216906930259299, 42.5619095241697 ], [ -71.2166004172756, 42.561989883106897 ], [ -71.216438011017104, 42.562087789997101 ], [ -71.216420552088195, 42.562151843972998 ], [ -71.216455009418695, 42.562207383258901 ], [ -71.216616289191293, 42.562305995338498 ], [ -71.216743099261294, 42.562378955842803 ], [ -71.216762411123497, 42.562417443371103 ], [ -71.216754361269594, 42.562447311480199 ], [ -71.216727375432797, 42.562463449499198 ], [ -71.216592127250806, 42.5625066888555 ], [ -71.216361312020197, 42.562489017195901 ], [ -71.216055218346099, 42.562475480988397 ], [ -71.215826044302602, 42.562526050264303 ], [ -71.215742695816701, 42.562564375106703 ], [ -71.215716971715096, 42.562597710525203 ], [ -71.215667018871201, 42.562683830148302 ], [ -71.215677633120293, 42.5628415778231 ], [ -71.215589864368596, 42.563157794798698 ], [ -71.215537190201402, 42.5633071042732 ], [ -71.215565493708695, 42.563430956610702 ], [ -71.215634574799495, 42.563478119239598 ], [ -71.215744324576704, 42.563499725271797 ], [ -71.215842075165796, 42.563589719645201 ], [ -71.215812346886494, 42.5637818469758 ], [ -71.215725176912997, 42.563884079189897 ], [ -71.215568924600305, 42.563939238737802 ], [ -71.215476107811298, 42.563916323942699 ], [ -71.215384156842404, 42.563917447528198 ], [ -71.215314728344296, 42.563947164113401 ], [ -71.215268065641396, 42.564032481439099 ], [ -71.215336941371504, 42.564152202804102 ], [ -71.2153768905509, 42.564259159438997 ], [ -71.215336777517905, 42.564350344478498 ], [ -71.215249017586999, 42.564421066584799 ], [ -71.215017502023002, 42.564476039626598 ], [ -71.214826893073806, 42.564479889847398 ], [ -71.214676542312006, 42.564522189385201 ], [ -71.214635826519398, 42.564611752260902 ], [ -71.214681294135303, 42.564710080501598 ], [ -71.214762072842106, 42.5647829292976 ], [ -71.214883156176498, 42.564830220891302 ], [ -71.215058455284293, 42.564818860807598 ], [ -71.215218264513595, 42.564839600671803 ], [ -71.215304582377598, 42.564899589372601 ], [ -71.215281295432206, 42.564959307615297 ], [ -71.215072781707207, 42.565044225367103 ], [ -71.214835937749598, 42.565065065923399 ], [ -71.214599198468207, 42.565008936037501 ], [ -71.2144260943695, 42.564965746527498 ], [ -71.214310386585296, 42.564995347959503 ], [ -71.214281272228803, 42.565050820461799 ], [ -71.214263412102497, 42.565148992031602 ], [ -71.214280362521805, 42.565251570930798 ], [ -71.2144090176605, 42.565401868802802 ], [ -71.214625567556197, 42.565559945914899 ], [ -71.214838397096202, 42.5657868814897 ], [ -71.214935976551899, 42.565915226205703 ], [ -71.214964349436599, 42.5660776088774 ], [ -71.214854145509193, 42.566128560041598 ], [ -71.214617311306796, 42.566119422313101 ], [ -71.214449424954594, 42.566187334905798 ], [ -71.2144314150041, 42.566345461824298 ], [ -71.214511797865299, 42.566452338701097 ], [ -71.214603846873302, 42.566537998801302 ], [ -71.214701452258893, 42.566687679343801 ], [ -71.214781719544703, 42.566820302483002 ], [ -71.214914241430705, 42.566897510112497 ], [ -71.215012344415797, 42.566910445766197 ], [ -71.215064153842604, 42.566953424938802 ], [ -71.215058102338404, 42.567025878987401 ], [ -71.214947753346493, 42.567162442305801 ], [ -71.214981459254304, 42.5673845237229 ], [ -71.214963328914905, 42.567542560346702 ], [ -71.214973933478902, 42.5677561224607 ], [ -71.215070199541699, 42.567987180628599 ], [ -71.215116657119594, 42.5681366444229 ], [ -71.215132967309003, 42.568354451677003 ], [ -71.215098012060096, 42.568435566628096 ], [ -71.215080210015302, 42.568520955027402 ], [ -71.215119062038994, 42.568871242548198 ], [ -71.215210137645499, 42.569200323336297 ], [ -71.215248562373503, 42.569510639242502 ], [ -71.215247505135395, 42.569879553023597 ], [ -71.215338403357705, 42.570221416510101 ], [ -71.215314664641795, 42.5703537825271 ], [ -71.215163753796602, 42.570490065816699 ], [ -71.215064854283597, 42.570652134034901 ], [ -71.214879506827899, 42.570754213007497 ], [ -71.214671404421793, 42.570770803125399 ], [ -71.214532642140895, 42.570778922160599 ], [ -71.214463166952001, 42.570817190311097 ], [ -71.214468484813096, 42.570906956892202 ], [ -71.214490226356901, 42.570973988162102 ], [ -71.2144795917701, 42.5710093410827 ], [ -71.214432568993402, 42.571038302318598 ], [ -71.214346422619002, 42.5710731982727 ], [ -71.214103452276603, 42.571123909979498 ], [ -71.213854913244404, 42.571140218394703 ], [ -71.213681384803706, 42.571186870274097 ], [ -71.213541961297906, 42.571340284386203 ], [ -71.213280568002901, 42.571638603224898 ], [ -71.212967028939403, 42.571966679557796 ], [ -71.212781246050397, 42.572162738556401 ], [ -71.212636035445698, 42.572328920470198 ], [ -71.212618306935596, 42.572397204130603 ], [ -71.212675946657995, 42.572444339898297 ], [ -71.212731302283899, 42.572458161271101 ], [ -71.212774081589799, 42.572478793099897 ], [ -71.212790108860702, 42.572516552817198 ], [ -71.212779339357297, 42.572581252879097 ], [ -71.212721178833206, 42.572675092599098 ], [ -71.212668815749893, 42.572726185582901 ], [ -71.212559036494397, 42.572734464432699 ], [ -71.212345806636193, 42.572618613093198 ], [ -71.212172580705598, 42.572571188939101 ], [ -71.2120048303982, 42.572604979347702 ], [ -71.211877189825202, 42.572737085249301 ], [ -71.211813006181899, 42.572869259463801 ], [ -71.211743214211893, 42.572975942994198 ], [ -71.211713835441998, 42.5730613018602 ], [ -71.211742018585596, 42.573157517298696 ], [ -71.211705186206402, 42.573194785022302 ], [ -71.211666868383801, 42.573210623443302 ], [ -71.211606601240504, 42.573205341517401 ], [ -71.211557283797006, 42.573176140692098 ], [ -71.211494036685593, 42.573103423698697 ], [ -71.211390254820898, 42.573051940861902 ], [ -71.211309345901796, 42.573085857379702 ], [ -71.211256883203205, 42.573158375051399 ], [ -71.211128124061602, 42.5733213553521 ], [ -71.192530631797993, 42.564547225399998 ], [ -71.175196035643594, 42.5922742164177 ], [ -71.164879162905507, 42.598029878866598 ], [ -71.163909653984504, 42.601860236652897 ], [ -71.163576367879898, 42.602113040471401 ], [ -71.1606678884243, 42.6053268064896 ], [ -71.1595178881539, 42.607668424122402 ], [ -71.159225684481001, 42.608968930544798 ], [ -71.158597954532098, 42.612990728615003 ], [ -71.156564641139994, 42.614985361160002 ], [ -71.154420119528098, 42.615276668222599 ], [ -71.148653391741306, 42.613176864638199 ], [ -71.146608883479303, 42.610004708371797 ], [ -71.146033909342705, 42.608504608669698 ], [ -71.143186502625795, 42.604038093961897 ], [ -71.141203150322994, 42.603215980001998 ], [ -71.135405828375596, 42.599088268540598 ], [ -71.076167714439407, 42.604144530504598 ], [ -71.058766783056399, 42.609085897816101 ], [ -71.054558390181299, 42.627661010676697 ], [ -71.022310215869496, 42.641644913145498 ], [ -70.985559476507404, 42.621834553135002 ], [ -70.985347343089202, 42.621719368513197 ], [ -70.985241722748199, 42.621711605926102 ], [ -70.985152238710199, 42.621728041413398 ], [ -70.985089330883298, 42.621773942907502 ], [ -70.984989895656796, 42.6218296740741 ], [ -70.984887066727694, 42.621868105550497 ], [ -70.984722124324904, 42.621870160500798 ], [ -70.9845863659515, 42.621910695372897 ], [ -70.984516986647805, 42.621913176457099 ], [ -70.9844511607009, 42.621883625075398 ], [ -70.984388570521105, 42.621890637551502 ], [ -70.984259593047, 42.6219068960282 ], [ -70.984160356387903, 42.621923377221002 ], [ -70.984064645957005, 42.621911156655699 ], [ -70.983925976743805, 42.621920079579603 ], [ -70.983823304136394, 42.6219393358516 ], [ -70.983579136198998, 42.621940494923599 ], [ -70.983473695074096, 42.621910855865003 ], [ -70.983384791465497, 42.621886151941297 ], [ -70.9833621740095, 42.621834827521397 ], [ -70.983372466584797, 42.621783740336802 ], [ -70.983389547338007, 42.621722420859797 ], [ -70.983363493352599, 42.621673961810799 ], [ -70.983322729142401, 42.621665317265297 ], [ -70.983296119903301, 42.621669699386999 ], [ -70.983276691124502, 42.621660610135002 ], [ -70.983267908250795, 42.6216465272067 ], [ -70.983238485048304, 42.621607595522498 ], [ -70.983181984313703, 42.621570703224499 ], [ -70.983123316981306, 42.621575031870201 ], [ -70.983050528726196, 42.6216067543861 ], [ -70.983007164216303, 42.621647610900297 ], [ -70.982963774550697, 42.621676674234202 ], [ -70.982927733830905, 42.621686595492598 ], [ -70.982877963011006, 42.621676290047297 ], [ -70.982825585243106, 42.621656880554198 ], [ -70.982706944465093, 42.621631592822801 ], [ -70.9825651413706, 42.621621415136701 ], [ -70.982462732126294, 42.621608623087397 ], [ -70.982337064061596, 42.621578172156703 ], [ -70.982301620891704, 42.621530210917797 ], [ -70.982245510673195, 42.621505202984103 ], [ -70.982205935097198, 42.621515108171202 ], [ -70.982179267177699, 42.621541455458001 ], [ -70.982129861090598, 42.621560949036301 ], [ -70.982063655686503, 42.621562902737502 ], [ -70.981898675023402, 42.6215548708713 ], [ -70.981660866550897, 42.621568477625402 ], [ -70.981502588822906, 42.621545801477502 ], [ -70.981446698615599, 42.621508911066002 ], [ -70.981387294340095, 42.621499101862398 ], [ -70.981324523346004, 42.6215280775533 ], [ -70.981278005328207, 42.621552084903698 ], [ -70.9811984936198, 42.6215860266419 ], [ -70.981142139393697, 42.621605488587598 ], [ -70.981092287638404, 42.621619848392697 ], [ -70.981055110802302, 42.6216196813536 ], [ -70.981032863025206, 42.621597705723197 ], [ -70.981037608570801, 42.621554335813599 ], [ -70.981050377144797, 42.621498848806901 ], [ -70.981037094200104, 42.621468811360003 ], [ -70.981011397195303, 42.621451231367601 ], [ -70.980980071223996, 42.6214510905954 ], [ -70.980927357963594, 42.621457695465601 ], [ -70.980839857848096, 42.621440377791401 ], [ -70.980737832535397, 42.621410661552197 ], [ -70.980569597603903, 42.621383438187401 ], [ -70.980483966883995, 42.621361177367604 ], [ -70.980384772422198, 42.621372524180501 ], [ -70.980321734289603, 42.621404288849902 ], [ -70.980228175616205, 42.621545114412498 ], [ -70.980088456052599, 42.6216665571405 ], [ -70.979989117635995, 42.621710041288402 ], [ -70.979837203763694, 42.621699094541398 ], [ -70.979695540022902, 42.621672079599101 ], [ -70.979606581714407, 42.621654214282501 ], [ -70.979464784917596, 42.621658076453201 ], [ -70.979283301531595, 42.621640964139999 ], [ -70.978979789151097, 42.621595753969402 ], [ -70.978600909181907, 42.621510772559603 ], [ -70.978347288207502, 42.621446610976498 ], [ -70.978274603585504, 42.621436110021598 ], [ -70.978060473374697, 42.6214312715191 ], [ -70.977966354678202, 42.621418422919703 ], [ -70.977915689865696, 42.621413152596098 ], [ -70.9778961127207, 42.621422066429901 ], [ -70.977869845479901, 42.621414565769399 ], [ -70.977854378508695, 42.621398201621503 ], [ -70.977785504728701, 42.621383846583498 ], [ -70.9777273344653, 42.621387004433501 ], [ -70.977637496477598, 42.621387138282998 ], [ -70.977594581962705, 42.621388024458298 ], [ -70.977553233752303, 42.6214205158929 ], [ -70.977532072909398, 42.621444006280903 ], [ -70.977456150335001, 42.621485883741798 ], [ -70.977395528857002, 42.621505324557802 ], [ -70.977351999574907, 42.6215068380248 ], [ -70.977323167282293, 42.621485281992499 ], [ -70.977330937854006, 42.6214302228788 ], [ -70.9772853902099, 42.621337112660903 ], [ -70.977266967639395, 42.621265640773501 ], [ -70.977279796994097, 42.621203222642002 ], [ -70.977306737215002, 42.621144289258098 ], [ -70.977372421291093, 42.621087601733599 ], [ -70.977416256303798, 42.621034506267598 ], [ -70.977411594705799, 42.620979300864299 ], [ -70.977359306285507, 42.6209200089395 ], [ -70.977289162434204, 42.6208825118525 ], [ -70.977251234160207, 42.620840749398198 ], [ -70.977234646335802, 42.6207979132245 ], [ -70.9772543816227, 42.620755241460401 ], [ -70.977228929624104, 42.620722987918803 ], [ -70.977170205677695, 42.620704807445001 ], [ -70.977023919569902, 42.620691721897202 ], [ -70.976875497187805, 42.620715716110404 ], [ -70.976790517095495, 42.620762143305598 ], [ -70.976684492600697, 42.6207886699464 ], [ -70.976630814069694, 42.620779424372003 ], [ -70.976582536781194, 42.620794959674399 ], [ -70.976555605082794, 42.620823465042697 ], [ -70.976494361540901, 42.620917801999298 ], [ -70.976401765136202, 42.621015237625201 ], [ -70.9763581807115, 42.621038086000603 ], [ -70.976309832251104, 42.621032825472298 ], [ -70.976249660569493, 42.621012837500601 ], [ -70.976203726615097, 42.621025052407603 ], [ -70.976067835501397, 42.621110408320298 ], [ -70.976142779497494, 42.621171604062098 ], [ -70.976139808061404, 42.621221103425597 ], [ -70.976117948548307, 42.621299234559899 ], [ -70.976105976498602, 42.621361026291297 ], [ -70.976145732072496, 42.621388213623902 ], [ -70.976218590454806, 42.621407088879401 ], [ -70.976246475539298, 42.621439893811903 ], [ -70.976265088603796, 42.621488320752498 ], [ -70.976304403989801, 42.621612461166301 ], [ -70.976284835182, 42.621781616298399 ], [ -70.9762364128851, 42.621873130488197 ], [ -70.976239700524602, 42.621932200700599 ], [ -70.976217521852405, 42.621975401339803 ], [ -70.9762281037668, 42.622007497633497 ], [ -70.976351931710596, 42.622024443375203 ], [ -70.976438894261193, 42.622091724955098 ], [ -70.976565920692295, 42.622149195459102 ], [ -70.976605743479993, 42.6221977184547 ], [ -70.976641342690201, 42.622270438568599 ], [ -70.976673781758393, 42.622327390270797 ], [ -70.976684349748197, 42.622375870697603 ], [ -70.976636475034894, 42.622416164255398 ], [ -70.976508844282606, 42.622431339910598 ], [ -70.976442807376799, 42.622471551065402 ], [ -70.976391711664107, 42.622503367729102 ], [ -70.976300217678599, 42.622541212805103 ], [ -70.976215976537603, 42.622586382589297 ], [ -70.976150182319898, 42.6226266847004 ], [ -70.976058440327094, 42.622679652375801 ], [ -70.9759963918236, 42.622709258617597 ], [ -70.975962365260699, 42.622740612392199 ], [ -70.975982544384905, 42.622791297046703 ], [ -70.976055910480596, 42.622822597909099 ], [ -70.976129999026995, 42.622854982280799 ], [ -70.976169192625903, 42.622861911796697 ], [ -70.9762358117774, 42.622839708101502 ], [ -70.976264198328394, 42.622797615899103 ], [ -70.976301666131306, 42.6227775305534 ], [ -70.976385603587005, 42.622783582591403 ], [ -70.976411398542098, 42.622803954775797 ], [ -70.976407072265303, 42.622840484623502 ], [ -70.976425225363499, 42.622856320995297 ], [ -70.9764726651741, 42.6228537453201 ], [ -70.976559970139107, 42.622865303916399 ], [ -70.976610552161304, 42.622924678454702 ], [ -70.976581064252002, 42.622967305888302 ], [ -70.976616963028206, 42.623018691827703 ], [ -70.976644128107395, 42.623079580648799 ], [ -70.976656375046204, 42.623131399536398 ], [ -70.976665795264395, 42.6231713225392 ], [ -70.976680873471594, 42.623234497185798 ], [ -70.976654995927603, 42.623282722437096 ], [ -70.976585567676395, 42.623290870009399 ], [ -70.976509041147196, 42.623287732456298 ], [ -70.976432468235899, 42.623290176086101 ], [ -70.976403045882194, 42.623324881718602 ], [ -70.976406178259296, 42.623373328447499 ], [ -70.976446048086501, 42.6234162702467 ], [ -70.976438631834498, 42.623443243613799 ], [ -70.976401838927998, 42.623470083807298 ], [ -70.976354488282794, 42.623491204655799 ], [ -70.976273765996893, 42.623523517099002 ], [ -70.976244366650107, 42.623555432072102 ], [ -70.976199936128296, 42.623577196262197 ], [ -70.976131167877398, 42.623579224972403 ], [ -70.976069358270905, 42.623565351087002 ], [ -70.976010881461704, 42.623575798575402 ], [ -70.975974210190699, 42.623602639184703 ], [ -70.975937749906393, 42.6236187679689 ], [ -70.975875724389894, 42.623645493501201 ], [ -70.975806066618404, 42.623666512894197 ], [ -70.975776441469307, 42.623725523731103 ], [ -70.975739334942404, 42.623789992021003 ], [ -70.975692001817393, 42.623808952118701 ], [ -70.975651911948702, 42.623792475908701 ], [ -70.975590078256701, 42.6237814824038 ], [ -70.975539196432706, 42.623772789179299 ], [ -70.975476683013696, 42.623799512281899 ], [ -70.975432964685893, 42.6238235299938 ], [ -70.975374384379506, 42.623831726108499 ], [ -70.9753238028959, 42.623801608612503 ], [ -70.975222113896606, 42.6237606361451 ], [ -70.975152708185007, 42.623765992238702 ], [ -70.975087095842198, 42.623784238860402 ], [ -70.975024839908897, 42.623794668675203 ], [ -70.974970272777995, 42.623789379333601 ], [ -70.974872532065802, 42.623713495469801 ], [ -70.974840403746896, 42.623648622645199 ], [ -70.974822588555995, 42.623592277083098 ], [ -70.974768241998206, 42.623545938026702 ], [ -70.974684702120896, 42.6235213418284 ], [ -70.974637397627603, 42.623507623170497 ], [ -70.974575742350396, 42.623475294410198 ], [ -70.974513899907805, 42.623450796791602 ], [ -70.974466459567495, 42.623453371661697 ], [ -70.974356988513705, 42.623468627574603 ], [ -70.974269364558893, 42.623495235743398 ], [ -70.974207281933502, 42.623514128096502 ], [ -70.974134266905907, 42.623513795678797 ], [ -70.974028631408899, 42.623507643199403 ], [ -70.973995662786095, 42.623528918601899 ], [ -70.9739843398023, 42.623585671734297 ], [ -70.973955070825696, 42.623601832646401 ], [ -70.973893049558697, 42.623598759426102 ], [ -70.973852936403404, 42.623614330775503 ], [ -70.973848626717697, 42.623663283815802 ], [ -70.973771559295798, 42.623754036283003 ], [ -70.973698228847695, 42.623791421913701 ], [ -70.973614350547606, 42.623807333882503 ], [ -70.973526684407602, 42.623809725030704 ], [ -70.973433320756897, 42.623837476705702 ], [ -70.973365761221004, 42.623884430904702 ], [ -70.973336199916901, 42.623935519364103 ], [ -70.973307749887098, 42.623999486213499 ], [ -70.973258201160505, 42.624093784705501 ], [ -70.973199483168599, 42.624147530874303 ], [ -70.973159030682595, 42.624203610913199 ], [ -70.973133079267001, 42.624260297227003 ], [ -70.973099913593799, 42.624275900006403 ], [ -70.973045327380902, 42.624272860252297 ], [ -70.973013747412395, 42.624244628902197 ], [ -70.972954698643505, 42.624221313504599 ], [ -70.9729000424296, 42.624226645527798 ], [ -70.972845287664597, 42.624229186353404 ], [ -70.972765103294805, 42.624226029629902 ], [ -70.972666869437106, 42.624209286950403 ], [ -70.972572763609904, 42.624136298481503 ], [ -70.9725293851061, 42.624090458575701 ], [ -70.972500591201893, 42.624049816591402 ], [ -70.972449832716705, 42.624011864998302 ], [ -70.972362367058693, 42.624019387507502 ], [ -70.972292871829595, 42.624035364224497 ], [ -70.972226985924706, 42.624057028860399 ], [ -70.972150467425294, 42.624067391954299 ], [ -70.972109607194497, 42.624113837275303 ], [ -70.972040655214897, 42.6241231545999 ], [ -70.971971531460696, 42.624109335111399 ], [ -70.971898831979104, 42.624071282965097 ], [ -70.971797154976301, 42.624014553454998 ], [ -70.971673251023901, 42.624035412290802 ], [ -70.971596341732806, 42.624077821524899 ], [ -70.971563098610901, 42.6241316834125 ], [ -70.9715587776017, 42.624196300369498 ], [ -70.971587701484196, 42.624250446678097 ], [ -70.971678409595995, 42.6242778686237 ], [ -70.971784239009907, 42.624275561943698 ], [ -70.971838532302101, 42.624313529991497 ], [ -70.971877995811795, 42.624375556445898 ], [ -70.971946703671307, 42.624453560690199 ], [ -70.971960667552693, 42.624518261249797 ], [ -70.971943228091405, 42.624577326816201 ], [ -70.971955859076402, 42.624655614795302 ], [ -70.971998988542296, 42.624731161452203 ], [ -70.9720240210508, 42.624798793342002 ], [ -70.9720124756589, 42.624852754530203 ], [ -70.971993896818702, 42.624916856193202 ], [ -70.971964287130504, 42.624973525514399 ], [ -70.971901940448205, 42.624994575981098 ], [ -70.971825584924403, 42.624999898304203 ], [ -70.971752365865598, 42.625023689692703 ], [ -70.971643160236795, 42.625006895970401 ], [ -70.971353151170803, 42.625007279400698 ], [ -70.971187515045997, 42.6250183142119 ], [ -70.971107013052006, 42.625052874640502 ], [ -70.971070151169698, 42.625087544846203 ], [ -70.971018759198699, 42.6251250292393 ], [ -70.971011222486695, 42.625166045334197 ], [ -70.970985491593197, 42.6251816815575 ], [ -70.970934287174103, 42.625211334746801 ], [ -70.970890444992506, 42.625235260150603 ], [ -70.970813850588996, 42.625239950549201 ], [ -70.970777076926197, 42.625264088342 ], [ -70.970737023963807, 42.625272276977299 ], [ -70.970692937111806, 42.625296291208301 ], [ -70.970616384986698, 42.625295940366797 ], [ -70.970554167834294, 42.625330494191701 ], [ -70.970477208532799, 42.625378573911398 ], [ -70.970345866409502, 42.625399307204503 ], [ -70.970262113811899, 42.625385419618503 ], [ -70.970135096469093, 42.625312278233601 ], [ -70.970011517424496, 42.625279662957603 ], [ -70.9699136667396, 42.625217277902401 ], [ -70.969841331658998, 42.625135924948403 ], [ -70.969590839917899, 42.625032418421497 ], [ -70.969528770452499, 42.625034924086798 ], [ -70.969430026071706, 42.625064268238198 ], [ -70.969280269666399, 42.625114803460598 ], [ -70.969138231520503, 42.625102897803501 ], [ -70.969054146208094, 42.625143021780197 ], [ -70.969028024801503, 42.625204927743198 ], [ -70.969023767895493, 42.625261622842402 ], [ -70.9690232465761, 42.625323466440697 ], [ -70.969004146049699, 42.625420153657103 ], [ -70.968970986705301, 42.625492649993497 ], [ -70.968959235177493, 42.625570736167703 ], [ -70.968904329258905, 42.625605502767698 ], [ -70.968842177662196, 42.625632133926203 ], [ -70.968798211734907, 42.625656147991997 ], [ -70.968793919343, 42.625731477730199 ], [ -70.968771137826593, 42.6258309386902 ], [ -70.968836456685295, 42.625876880890303 ], [ -70.968854030333105, 42.625961313506103 ], [ -70.968882628442898, 42.626025001437696 ], [ -70.9688712445421, 42.626073921744997 ], [ -70.968779860045402, 42.626097627718302 ], [ -70.9686522381662, 42.626110634200003 ], [ -70.968560966700196, 42.626120927054401 ], [ -70.968465645875298, 42.626163249483298 ], [ -70.968388971068094, 42.626206197794801 ], [ -70.968323291267595, 42.6262030147345 ], [ -70.968235853537806, 42.626221247026798 ], [ -70.968183629451701, 42.6263425379816 ], [ -70.968197644904507, 42.626415161258798 ], [ -70.968207700588295, 42.6265091918359 ], [ -70.968203320326595, 42.626609277525702 ], [ -70.968239057789503, 42.626679210080397 ], [ -70.968231464666204, 42.626741111117603 ], [ -70.968179700736599, 42.6268078500852 ], [ -70.968109996887407, 42.6268480395834 ], [ -70.968113433757495, 42.626888565870303 ], [ -70.968186087080696, 42.626932201590598 ], [ -70.968309479651595, 42.6269727399795 ], [ -70.968367560815807, 42.627024140525599 ], [ -70.968403781475601, 42.627051314204898 ], [ -70.968458101759595, 42.627057235659699 ], [ -70.968491944485905, 42.627048389072797 ], [ -70.968524019054499, 42.627046826222397 ], [ -70.968545402349605, 42.627055386796897 ], [ -70.968610971432994, 42.627100700090999 ], [ -70.968698335922994, 42.627120186912897 ], [ -70.968759901402393, 42.627163231124001 ], [ -70.968828921964402, 42.627204059004399 ], [ -70.968872390249402, 42.627239187907499 ], [ -70.968948913141205, 42.627228826995299 ], [ -70.969029352321499, 42.627202189831003 ], [ -70.969116626793493, 42.627232388685101 ], [ -70.969163469583407, 42.627286617911501 ], [ -70.969287311313806, 42.627302941061998 ], [ -70.969345328758095, 42.627333095332602 ], [ -70.9694615477176, 42.627400516464697 ], [ -70.969551992434802, 42.627474120739102 ], [ -70.969580790550197, 42.627514223297702 ], [ -70.969631797234598, 42.627522829677197 ], [ -70.969715567807697, 42.627520423579199 ], [ -70.969876015097995, 42.627518369362797 ], [ -70.970007760025098, 42.627508261184097 ], [ -70.970033233116595, 42.627508918203297 ], [ -70.970059858584605, 42.627517502546901 ], [ -70.970145500772801, 42.627567948350297 ], [ -70.970214051722607, 42.627635780200798 ], [ -70.970216155872706, 42.6277044775604 ], [ -70.970223402665098, 42.627727016600701 ], [ -70.970239835346405, 42.627744466448704 ], [ -70.970325607485904, 42.627808506212901 ], [ -70.970405186240498, 42.627884220531101 ], [ -70.970473973236693, 42.6279385498202 ], [ -70.970557573400896, 42.627970981306298 ], [ -70.970699387447198, 42.627995847490098 ], [ -70.970761080961196, 42.628052934818001 ], [ -70.970767799784397, 42.628109320122498 ], [ -70.970833110219303, 42.628142207742599 ], [ -70.970883997499897, 42.628179620438601 ], [ -70.970905153451596, 42.628244353998902 ], [ -70.9709518943598, 42.628325498938999 ], [ -70.971071953518802, 42.628342523019697 ], [ -70.971173679935504, 42.628394121969201 ], [ -70.971264392050699, 42.628450801731098 ], [ -70.971359030435096, 42.628475451137597 ], [ -70.971399218317501, 42.628451418823502 ], [ -70.971428669241504, 42.628413923908496 ], [ -70.971487061415402, 42.628414191102699 ], [ -70.971643142135306, 42.6284824225446 ], [ -70.971715470615294, 42.628536227137097 ], [ -70.971718852861699, 42.628598088527099 ], [ -70.971689198911804, 42.628659798818497 ], [ -70.9716815059125, 42.628719448994403 ], [ -70.971731699671906, 42.6287815244821 ], [ -70.971782239617397, 42.628845942131797 ], [ -70.971833181253103, 42.628862469270601 ], [ -70.971909874329896, 42.628846525737004 ], [ -70.971975331425298, 42.628876622649997 ], [ -70.972066460276395, 42.628869207180003 ], [ -70.972128353862502, 42.628888124846199 ], [ -70.972189633587604, 42.628936657294197 ], [ -70.972255056683906, 42.628985388685599 ], [ -70.972305626260507, 42.629031801602999 ], [ -70.972327230639493, 42.629072320697603 ], [ -70.9723783090908, 42.629072554026997 ], [ -70.972451482342507, 42.629040209841698 ], [ -70.972498804313503, 42.629037725266599 ], [ -70.972552765070404, 42.629072270504203 ], [ -70.9725679167002, 42.629126353583302 ], [ -70.972587805969198, 42.629138777571796 ], [ -70.9726375811981, 42.629134503678202 ], [ -70.972682769603793, 42.629153884912498 ], [ -70.972713769128902, 42.629208040318098 ], [ -70.972749972986904, 42.629266720627399 ], [ -70.972783716671998, 42.62928433914 ], [ -70.972838804634094, 42.629286210982201 ], [ -70.973011197619599, 42.629314004570801 ], [ -70.973157267085995, 42.629384438833704 ], [ -70.973181552426198, 42.629454317533103 ], [ -70.973193095063394, 42.629473545105697 ], [ -70.973221049211304, 42.629483755186001 ], [ -70.973276661873996, 42.629481218077601 ], [ -70.973334064669601, 42.629512447781501 ], [ -70.973390471042606, 42.629648279797102 ], [ -70.973468173768595, 42.629744958771703 ], [ -70.973493636525305, 42.629834467804699 ], [ -70.973556028947797, 42.629895967906698 ], [ -70.973544651767, 42.629973606010701 ], [ -70.973591241595102, 42.630058800170303 ], [ -70.973569855168407, 42.630108755559903 ], [ -70.973506499341099, 42.630162480673597 ], [ -70.973500701971503, 42.630243475055401 ], [ -70.973541420815806, 42.630360150557003 ], [ -70.973577752529593, 42.630418291023702 ], [ -70.973712800942295, 42.630538727166602 ], [ -70.9740036510197, 42.630791036373303 ], [ -70.974081347966504, 42.630903288859997 ], [ -70.974064790172406, 42.630988195272501 ], [ -70.973970352878197, 42.631026475181699 ], [ -70.973912415476903, 42.631088237235502 ], [ -70.973885533339697, 42.6311539216791 ], [ -70.973848607751293, 42.631195974319297 ], [ -70.973748936857206, 42.631218566190803 ], [ -70.973675861658606, 42.631195187339799 ], [ -70.973571423371595, 42.631175536506603 ], [ -70.973513693868099, 42.631183195430403 ], [ -70.973487285367298, 42.631221334874802 ], [ -70.973419000806999, 42.631251991551203 ], [ -70.973413021120606, 42.631325603178098 ], [ -70.973422789623399, 42.631425843404401 ], [ -70.973427349892404, 42.631507425106697 ], [ -70.973405769413702, 42.631580515493802 ], [ -70.9733267088003, 42.631645961920199 ], [ -70.973331184687794, 42.631723042082697 ], [ -70.973351536854196, 42.631796863773701 ], [ -70.9734194261395, 42.6318281412129 ], [ -70.973408269701906, 42.631893897220699 ], [ -70.973444635291798, 42.631948076837901 ], [ -70.973501961397105, 42.631959591022401 ], [ -70.973580214895406, 42.631990735556798 ], [ -70.973751345277094, 42.632185154920101 ], [ -70.973823414725501, 42.632343653740698 ], [ -70.973838371199307, 42.632421321741802 ], [ -70.973926496323003, 42.632525969808803 ], [ -70.974024661791702, 42.632669283408497 ], [ -70.974076502388101, 42.632739197280699 ], [ -70.974228091351407, 42.6327629332445 ], [ -70.974332302566395, 42.632810129478798 ], [ -70.974431107387403, 42.632891599797397 ], [ -70.974425344759993, 42.632968543274998 ], [ -70.974351402319499, 42.633034193710699 ], [ -70.974324604349704, 42.633118963484797 ], [ -70.9743853058159, 42.633266697425199 ], [ -70.974438323315695, 42.633371005268899 ], [ -70.974525439428703, 42.633436128140701 ], [ -70.974574250887898, 42.633562382398303 ], [ -70.974565439760994, 42.633639402023398 ], [ -70.974502357593707, 42.633703841620999 ], [ -70.974447889704194, 42.633758687912703 ], [ -70.974438758694703, 42.633844798393199 ], [ -70.974492170824306, 42.633931103384697 ], [ -70.9745705048704, 42.634011400144097 ], [ -70.974616105692604, 42.634054908615703 ], [ -70.974670090883194, 42.634057944846099 ], [ -70.974774455322006, 42.634043205522303 ], [ -70.974816506152095, 42.634000725804398 ], [ -70.974875091592807, 42.6339638126395 ], [ -70.974879846490794, 42.633905319300602 ], [ -70.974959513807093, 42.633825740996301 ], [ -70.975035011811897, 42.633749024425001 ], [ -70.975131268125693, 42.633697698590197 ], [ -70.975193557520697, 42.633728319349999 ], [ -70.975257135677595, 42.633823762495297 ], [ -70.9752630586501, 42.633888425918698 ], [ -70.975229184812505, 42.633959210168797 ], [ -70.975148397519902, 42.633997643054499 ], [ -70.975110993205206, 42.634097038541803 ], [ -70.975142813167494, 42.634184955545003 ], [ -70.975207484800507, 42.6342662700606 ], [ -70.975251515388194, 42.6343812493974 ], [ -70.975230578625201, 42.634450381968399 ], [ -70.975177198184198, 42.634477146359004 ], [ -70.975107950215204, 42.634462157982803 ], [ -70.975022275523798, 42.634428640200802 ], [ -70.974924452025206, 42.634419193295898 ], [ -70.974842566397697, 42.634443037248801 ], [ -70.974785800081605, 42.634583395080398 ], [ -70.974798731079701, 42.634816433357898 ], [ -70.974863450205007, 42.6348920768176 ], [ -70.974930959398904, 42.634940185889199 ], [ -70.974960219275403, 42.635028091282699 ], [ -70.974963130699194, 42.635176102283197 ], [ -70.974929152848205, 42.6353177340253 ], [ -70.974850608838395, 42.635437827721802 ], [ -70.974788477086804, 42.635534319942302 ], [ -70.974759169703901, 42.635627540503499 ], [ -70.974709581149298, 42.635696542682098 ], [ -70.974700784155402, 42.635771851895697 ], [ -70.974643074176598, 42.635835145667102 ], [ -70.974564984608506, 42.635886013571401 ], [ -70.974491040157503, 42.635936900279098 ], [ -70.974453642970701, 42.636005957802098 ], [ -70.974449117834695, 42.636066072546598 ], [ -70.974436197757896, 42.636138662287102 ], [ -70.974386730157605, 42.636193081152697 ], [ -70.974276313801695, 42.636231288580802 ], [ -70.974161601408795, 42.636258313503298 ], [ -70.974076018267695, 42.636242800053097 ], [ -70.974010646105498, 42.6362452931319 ], [ -70.973973370767098, 42.636299677310603 ], [ -70.973969093390295, 42.636344669306403 ], [ -70.973919607076695, 42.636386664719602 ], [ -70.973849553344493, 42.6364679064638 ], [ -70.973750979784697, 42.636518680517199 ], [ -70.973693822608396, 42.636515629417701 ], [ -70.973603713254406, 42.636560230324399 ], [ -70.973501169413495, 42.636590010728199 ], [ -70.9733872576506, 42.6365503315319 ], [ -70.973338072627598, 42.636570812585902 ], [ -70.973349455394995, 42.6366676391414 ], [ -70.973336481196398, 42.636761113826701 ], [ -70.9734216606671, 42.636824968296601 ], [ -70.9734495081875, 42.636921239722298 ], [ -70.973526819559098, 42.636963722812503 ], [ -70.973582965077895, 42.637087850221697 ], [ -70.973671993348503, 42.637172697377103 ], [ -70.973711798143995, 42.637311784091303 ], [ -70.973690134899499, 42.637438347644597 ], [ -70.973713682084806, 42.637567817848499 ], [ -70.973712647699898, 42.6376915946392 ], [ -70.973675375762198, 42.637745438580701 ], [ -70.973674843860607, 42.637809082352902 ], [ -70.973666045334298, 42.637884391438703 ], [ -70.973710405139599, 42.637959942705301 ], [ -70.973726013853295, 42.638047246002898 ], [ -70.973811570102399, 42.638080854173097 ], [ -70.973831151228794, 42.638159713393698 ], [ -70.9738265727742, 42.638240713145798 ], [ -70.973874857889399, 42.638313491507503 ], [ -70.973960635006605, 42.638335307569697 ], [ -70.974062614974002, 42.638329560306801 ], [ -70.974193068236502, 42.638359951707301 ], [ -70.974213222213194, 42.638399473459899 ], [ -70.974196555991298, 42.638438737607501 ], [ -70.974196053171298, 42.638498960629001 ], [ -70.974220160618799, 42.638532288793201 ], [ -70.974313985328493, 42.6385687249225 ], [ -70.974386975070303, 42.638632613183802 ], [ -70.974460016794794, 42.638690290055003 ], [ -70.974504237180795, 42.638753507223001 ], [ -70.974556968838101, 42.638804970087698 ], [ -70.974605198411993, 42.638899173316197 ], [ -70.974652836859804, 42.639049638124497 ], [ -70.974771019206898, 42.639133446636997 ], [ -70.974894158868395, 42.639193061408299 ], [ -70.974980936435202, 42.639285189099503 ], [ -70.975012093055597, 42.639292082402498 ], [ -70.975057496585094, 42.639286617280199 ], [ -70.975155716674706, 42.639264017688802 ], [ -70.975315621678803, 42.639286709610197 ], [ -70.975351196493506, 42.639377974300899 ], [ -70.975357288542995, 42.639539502959401 ], [ -70.975362232019407, 42.639824267663101 ], [ -70.975455563555997, 42.639964136838501 ], [ -70.975615413970402, 42.640008253517898 ], [ -70.9758549871664, 42.6400841496664 ], [ -70.976051571315395, 42.640109797665303 ], [ -70.976167033182804, 42.6401986336449 ], [ -70.976195013197298, 42.640338295882799 ], [ -70.976243619844894, 42.640607504427301 ], [ -70.976367581026693, 42.640730137272001 ], [ -70.975520734811298, 42.642196908229302 ], [ -70.9603619278368, 42.649852311385501 ], [ -70.968870280839397, 42.673173294421403 ], [ -70.965342446753695, 42.6718761976922 ], [ -70.964456247158296, 42.674834537896601 ], [ -70.948595206471794, 42.680676657846199 ], [ -70.880769907035997, 42.706331507231504 ], [ -70.875483979549102, 42.712892751103901 ], [ -70.867014577784005, 42.709998519492103 ], [ -70.8645411874313, 42.709153204366501 ] ] } }
]
}
